smiles,logS,dtype
CC1CC2C3CCC4=CC(=O)C=CC4(C)C3(F)C(O)CC2(C)C1(O)C(=O)CO,-3.7075,4 STAR
CC(=O)OCC(=O)C1(O)CCC2C3CCC4=CC(=O)CCC4(C)C3C(O)CC21C,-4.458,4 STAR
CC(=O)OCC(=O)C1(O)CCC2C3CCC4=CC(=O)CCC4(C)C3C(=O)CC21C,-4.303999999999999,4 STAR
CCC1(c2ccccc2)C(=O)NC(=O)NC1=O,-2.3209999999999997,4 STAR
CCC1(CC)C(=O)NC(=O)N(C)C1=O,-2.0,4 STAR
O=P1(N(CCCl)CCCl)NCCCO1,-0.815,4 STAR
CC(O)C(=O)O,1.045,4 STAR
CC12CCC(=O)C=C1CCC1C2C(O)CC2(C)C(C(=O)CO)CCC12,-3.241,4 STAR
CC12CCC(=O)C=C1CCC1C2C(O)CC2(C)C1CCC2(O)C(=O)CO,-3.054,4 STAR
CC12C=CC(=O)C=C1CCC1C2C(O)CC2(C)C1CCC2(O)C(=O)CO,-3.2089999999999996,4 STAR
Clc1ccc(C(c2ccc(Cl)cc2)C(Cl)(Cl)Cl)cc1,-7.809,4 STAR
O=C(O)c1c(Cl)ccc(Cl)c1Cl,-1.4669999999999999,4 STAR
c1ccc2c(c1)cc1ccc3cccc4ccc2c1c34,-8.192,4 STAR
CCCCC1C(=O)N(c2ccccc2)N(c2ccccc2)C1=O,-3.812,4 STAR
COC(=O)C1C(OC(=O)c2ccccc2)CC2CCC1N2C,-2.227,4 STAR
CNCCCN1c2ccccc2CCc2ccccc21,-3.658,4 STAR
CN(C)CCC=C1c2ccccc2CCc2ccccc21,-4.456,4 STAR
CN(C)CCCN1c2ccccc2CCc2ccccc21,-4.187,4 STAR
CN(C)CCCN1c2ccccc2Sc2ccc(Cl)cc21,-5.0969999999999995,4 STAR
O=C(Nc1ccc([N+](=O)[O-])cc1Cl)c1cc(Cl)ccc1O,-4.702,4 STAR
CC(=O)Oc1ccccc1C(=O)O,-1.5930000000000002,4 STAR
O=C1OC(C(O)CO)C(O)=C1O,0.3165,4 STAR
O=C(O)c1ccc(Cl)cc1Cl,-2.603,4 STAR
O=c1[nH]cc(F)c(=O)[nH]1,-1.069,4 STAR
O=[N+]([O-])c1ccc(O)c([N+](=O)[O-])c1,-1.819,4 STAR
CN1C2CC(OC(=O)C(CO)c3ccccc3)CC1C1OC12,-0.504,4 STAR
O=C(O)c1cc(Cl)cc(Cl)c1,-3.114,4 STAR
O=C(O)c1ccc(Cl)c(Cl)c1,-3.495,4 STAR
CN1C2CCC1CC(OC(=O)C(CO)c1ccccc1)C2,-2.119,4 STAR
NCCc1ccc(O)cc1,-1.12,4 STAR
CCOC(N)=O,0.731,4 STAR
C#CC1(OC(C)=O)CCC2C3CCC4=CC(=O)CCC4C3CCC21C,-4.784,4 STAR
CC(=O)SC1CC2=CC(=O)CCC2(C)C2CCC3(C)C(CCC34CCC(=O)O4)C12,-4.277,4 STAR
CC(=O)OCC(=O)C1(O)CCC2C3CCC4=CC(=O)C=CC4(C)C3C(O)CC21C,-4.369,4 STAR
CCC1(C2=CCCCC2)C(=O)NC(=O)NC1=O,-2.169,4 STAR
C=CCC1(CC=C)C(=O)NC(=O)NC1=O,-2.061,4 STAR
O=[N+]([O-])C(Br)(CO)CO,0.09699999999999999,4 STAR
NC1(C(=O)O)CCCC1,-0.41200000000000003,4 STAR
CC(C)(S)C(N)C(=O)O,-0.128,4 STAR
COP(=O)(OC)C(O)C(Cl)(Cl)Cl,-0.331,4 STAR
O=C(CCCN1CCC(O)(c2ccc(Cl)cc2)CC1)c1ccc(F)cc1,-4.428999999999999,4 STAR
CC12CCC(=O)C=C1CCC1C2C(=O)CC2(C)C1CCC2(O)C(=O)CO,-3.11,4 STAR
CC12CCC3c4ccc(O)cc4CCC3C1CCC2=O,-3.955,4 STAR
Clc1ccc(C(c2ccccc2Cl)C(Cl)Cl)cc1,-6.505,4 STAR
CC12CCC3C(CCC4CC(O)CCC43C)C1CCC2=O,-4.402,4 STAR
CC12CCC3C(CC=C4CC(O)CCC43C)C1CCC2=O,-4.122,4 STAR
c1ccc2c(c1)ccc1cc3c(ccc4ccccc43)cc12,-8.048,4 STAR
CC(=O)Nc1ccc2c(c1)Cc1ccccc1-2,-4.625,4 STAR
CN1CCCC1c1cccnc1,0.79,4 STAR
NS(=O)(=O)c1cc(C(=O)O)c(NCc2ccco2)cc1Cl,-3.656,4 STAR
NNC(=O)c1ccncc1,0.009000000000000001,4 STAR
CCN(CC)N=O,0.016,4 STAR
NC(=O)c1ccccc1,-0.953,4 STAR
O=C(O)c1ccncc1,-1.374,4 STAR
COP(=S)(OC)Oc1ccc(SC)c(C)c1,-4.569,4 STAR
O=[N+]([O-])OCC(CO[N+](=O)[O-])O[N+](=O)[O-],-2.2159999999999997,4 STAR
NCCCC(=O)O,1.101,4 STAR
ClC(Cl)(Cl)Cl,-2.2880000000000003,4 STAR
CC12C(=O)OC(=O)C1(C)C1CCC2O1,-3.8160000000000003,4 STAR
CN1C(=O)C(C)(C2=CCCCC2)C(=O)N=C1O,-2.735,4 STAR
CCOP(=S)(OCC)Oc1ccc([N+](=O)[O-])cc1,-4.649,4 STAR
NCC(=O)O,0.521,4 STAR
CC(=O)OCC(=O)C1CCC2C3CCC4=CC(=O)CCC4(C)C3CCC12C,-4.63,4 STAR
Cc1ccc2cc3c(ccc4ccccc43)c3c2c1CC3,-7.966,4 STAR
CCC(=C(CC)c1ccc(O)cc1)c1ccc(O)cc1,-4.35,4 STAR
c1ccc2cc3c(ccc4ccccc43)cc2c1,-7.385,4 STAR
CCOP(=S)(OCC)Oc1ccc2c(C)c(Cl)c(=O)oc2c1,-5.3839999999999995,4 STAR
O=C(NC(CO)C(O)c1ccc([N+](=O)[O-])cc1)C(Cl)Cl,-2.1109999999999998,4 STAR
OCC(O)CO,1.036,4 STAR
NC(CC(=O)O)C(=O)O,-0.318,4 STAR
NC(=O)CCC(N)C(=O)O,-0.5489999999999999,4 STAR
NC(CCC(=O)O)C(=O)O,-1.235,4 STAR
C=CCN=C=S,-1.695,4 STAR
CCCCCCCCCCCCCCCC(=O)O,-6.807,4 STAR
NC(N)=O,0.958,4 STAR
CN(C)N,1.2209999999999999,4 STAR
CC(C)(O)C(Cl)(Cl)Cl,-1.3459999999999999,4 STAR
O=C1CC2OCC=C3CN4CCC56c7ccccc7N1C5C2C3CC46,-3.32,4 STAR
O=C1NC(=O)C(c2ccccc2)(c2ccccc2)N1,-3.897,4 STAR
CCOC(=O)C1(c2ccccc2)CCN(C)CC1,-1.885,4 STAR
CCC1(CCC(C)C)C(=O)NC(=O)NC1=O,-2.574,4 STAR
CCC1(CC)C(=O)NC(=O)NC1=O,-1.393,4 STAR
OCC1OC(OC2(CO)OC(CO)C(O)C2O)C(O)C(O)C1O,0.7879999999999999,4 STAR
CCCC(C)(COC(N)=O)COC(N)=O,-1.6669999999999998,4 STAR
CC(O)CO,1.119,4 STAR
O=C1CCO1,0.711,4 STAR
C#CC1(O)CCC2C3CCc4cc(O)ccc4C3CCC21C,-4.419,4 STAR
Cc1cc(C)nc(NS(=O)(=O)c2ccc(N)cc2)n1,-2.2680000000000002,4 STAR
ClC1=C(Cl)C2(Cl)C3C(Cl)C(Cl)CC3C1(Cl)C2(Cl)Cl,-6.864,4 STAR
CC(=O)C1CCC2C3CCC4=CC(=O)CCC4(C)C3CCC12C,-4.553,4 STAR
CCC(=O)OC1CCC2C3CCC4=CC(=O)CCC4(C)C3CCC12C,-5.367000000000001,4 STAR
Cc1c2ccccc2c(C)c2c1ccc1ccccc12,-6.624,4 STAR
Cn1c(=O)c2c(ncn2C)n(C)c1=O,-0.966,4 STAR
Cc1c(N(C)C)c(=O)n(-c2ccccc2)n1C,-0.629,4 STAR
CC12CCC(=O)C=C1CCC1C2CCC2(C)C1CCC2(C)O,-3.95,4 STAR
CC12CCC(=O)C=C1CCC1C2CCC2(C)C(O)CCC12,-4.091,4 STAR
CC1=CC(=O)c2ccccc2C1=O,-3.032,4 STAR
CN1CCN(CCCN2c3ccccc3Sc3ccc(Cl)cc32)CC1,-4.397,4 STAR
OCCN1CCN(CCCN2c3ccccc3Sc3ccc(Cl)cc32)CC1,-4.155,4 STAR
CN(C)CCCN1c2ccccc2Sc2ccccc21,-4.302,4 STAR
Cn1c(=O)c2[nH]cnc2n(C)c1=O,-1.389,4 STAR
OCC1OC(n2cnc3c(O)ncnc32)C(O)C1O,-1.23,4 STAR
O=C(O)CCCCC1SCC2NC(=O)NC21,-3.0460000000000003,4 STAR
ClC1C(Cl)C(Cl)C(Cl)C(Cl)C1Cl,-5.0775000000000015,4 STAR
Oc1c(Cl)cc(Cl)c(Cl)c1Cl,-4.004,4 STAR
NS(=O)(=O)c1cc2c(cc1Cl)NCNS2(=O)=O,-2.615,4 STAR
NS(=O)(=O)c1cc2c(cc1Cl)N=CNS2(=O)=O,-3.0460000000000003,4 STAR
CCN(CC)C(=O)c1cccnc1,0.7490000000000001,4 STAR
O=c1ccc2ccccc2[nH]1,-2.1390000000000002,4 STAR
Nc1ccc(S(=O)(=O)Nc2cnc3ccccc3n2)cc1,-4.603,4 STAR
CCN(CC)CCOC(=O)c1ccc(N)cc1,-1.3980000000000001,4 STAR
Cc1ccccc1OCC(O)CO,-1.189,4 STAR
OCC(S)CS,-0.155,4 STAR
CC(=O)Nc1nnc(S(N)(=O)=O)s1,-2.356,4 STAR
O=C(O)c1cccnc1,-0.835,4 STAR
O=NN1CCOCC1,0.935,4 STAR
NC(Cc1ccc(O)c(O)c1)C(=O)O,-1.5959999999999999,4 STAR
Nc1ccc(N=Nc2ccccc2)cc1,-3.181,4 STAR
CN(C)c1ccc(N=Nc2ccccc2)cc1,-5.9910000000000005,4 STAR
OCCc1ccccc1,-0.741,4 STAR
NC(Cc1ccc(O)cc1)C(=O)O,-2.5780000000000003,4 STAR
CN1CC(=O)NC1=N,-0.15,4 STAR
CCOCC,-0.08900000000000001,4 STAR
NCCCCCC(=O)O,0.585,4 STAR
CNN,1.337,4 STAR
CC(N)=O,1.581,4 STAR
CNC(=O)CSP(=S)(OC)OC,-0.9620000000000001,4 STAR
ClC1=C(Cl)C2(Cl)C3C4CC(C5OC45)C3C1(Cl)C2(Cl)Cl,-6.237,4 STAR
Cc1cc(=O)n(-c2ccccc2)n1C,-0.564,4 STAR
O=C(CCc1ccc(O)cc1)c1c(O)cc(O)cc1OC1OC(CO)C(O)C(O)C1O,-2.64,4 STAR
CC(CN1c2ccccc2Sc2ccccc21)N(C)C,-4.26,4 STAR
COc1ccc2c(c1)N(CC(C)CN(C)C)c1ccccc1S2,-4.215,4 STAR
O=C1NCCN1c1ncc([N+](=O)[O-])s1,-3.217,4 STAR
CC(C)CC(N)C(=O)O,-0.785,4 STAR
O=C(O)c1ccc([N+](=O)[O-])cc1,-2.9219999999999997,4 STAR
CCOc1ccc(NC(C)=O)cc1,-2.369,4 STAR
CCOS(C)(=O)=O,0.402,4 STAR
Nc1ccccc1,-0.413,4 STAR
CC(N)=S,0.336,4 STAR
NC(N)=S,0.271,4 STAR
COP(=O)(OC)OC=C(Cl)Cl,-1.344,4 STAR
CN(C)N=O,1.13,4 STAR
CC12CCC3C(CCC4=CC(=O)CCC43C)C1CCC2=O,-3.695,4 STAR
CNC(=O)Oc1cccc2ccccc12,-3.387,4 STAR
CSCCC(N)C(=O)O,-0.42100000000000004,4 STAR
Nc1ccc(S(N)(=O)=O)cc1,-1.361,4 STAR
COC(=O)C1=CCCN(C)C1,0.809,4 STAR
CCO,1.337,4 STAR
O=CO,1.337,4 STAR
CC(=O)O,1.2209999999999999,4 STAR
CCC(C)C(C)(COC(N)=O)COC(N)=O,-2.366,4 STAR
CCOS(=O)(=O)OCC,-1.3430000000000002,4 STAR
CCCCNC(=O)NS(=O)(=O)c1ccc(C)cc1,-3.3939999999999997,4 STAR
CC12CCC(=O)C=C1CCC1C2CCC2(C)C(C(=O)CO)CCC12,-3.745,4 STAR
NC(=O)c1ccccc1O,-1.8230000000000002,4 STAR
Nc1ccc(C(=O)O)c(O)c1,-1.9569999999999999,4 STAR
Cc1c[nH]c(=O)[nH]c1=O,-1.5190000000000001,4 STAR
O=C(O)c1ccccc1,-1.655,4 STAR
O=C(O)c1cc(O)nc(O)n1,-1.933,4 STAR
O=c1cc[nH]c(=O)[nH]1,-1.493,4 STAR
CCCCCC=O,-1.249,4 STAR
c1cnc2c(c1)ccc1cccnc12,-1.8259999999999998,4 STAR
CC1CC(C)C(=O)C(C(O)CC2CC(=O)NC(=O)C2)C1,-1.127,4 STAR
CC(C)O,1.2209999999999999,4 STAR
CC(C)=O,1.236,4 STAR
ClC(Cl)Cl,-1.177,4 STAR
C[S+](C)[O-],1.107,4 STAR
ClC(Cl)(Cl)C(Cl)(Cl)Cl,-4.488,4 STAR
CC(=O)OCC(=O)C1(O)C(OC(C)=O)CC2C3CCC4=CC(=O)C=CC4(C)C3(F)C(O)CC21C,-4.13,4 STAR
O=C(O)CS,1.036,4 STAR
CN(C)C=O,1.136,4 STAR
C#CC1(O)CCC2C3CCC4=CC(=O)CCC4C3CCC21C,-4.627,4 STAR
O=c1[nH]cnc2nc[nH]c12,-2.289,4 STAR
CC(=O)C1(O)CCC2C3CCC4=CC(=O)CCC4(C)C3CCC21C,-4.708,4 STAR
OCCN1CCN(CCCN2c3ccccc3Sc3ccc(C(F)(F)F)cc32)CC1,-4.149,4 STAR
O=C(O)c1ccccc1O,-1.79,4 STAR
Cc1ccc(S(N)(=O)=O)cc1,-1.734,4 STAR
CCC(=O)c1ccc(N)cc1,-2.627,4 STAR
NC(Cc1cnc[nH]1)C(=O)O,-0.532,4 STAR
CCCO,1.2209999999999999,4 STAR
CCCCO,-0.069,4 STAR
CCCCCO,-0.603,4 STAR
c1ccccc1,-1.64,4 STAR
CC(Cl)(Cl)Cl,-1.952,4 STAR
Nc1ccc(S(=O)(=O)Nc2nccs2)cc1,-2.425,4 STAR
CC(O)C(N)C(=O)O,-0.08900000000000001,4 STAR
COc1ccc(C(c2ccc(OC)cc2)C(Cl)(Cl)Cl)cc1,-6.539,4 STAR
O=C1c2ccccc2C(=O)c2c1ccc(O)c2O,-2.779,4 STAR
Clc1ccc(C(c2ccc(Cl)cc2)C(Cl)Cl)cc1,-6.551,4 STAR
ClC(Cl)=C(c1ccc(Cl)cc1)c1ccc(Cl)cc1,-6.9,4 STAR
NC(Cc1c[nH]c2ccccc12)C(=O)O,-1.183,4 STAR
CCC(C)C(N)C(=O)O,-0.581,4 STAR
NS(=O)(=O)c1cc2c(cc1C(F)(F)F)NC(Cc1ccccc1)NS2(=O)=O,-3.591,4 STAR
CCC1NC(=O)c2cc(S(N)(=O)=O)c(Cl)cc2N1,-3.286,4 STAR
O=C(O)c1ccc(Cl)cc1,-3.3369999999999997,4 STAR
N=C(N)NCCCC(N)C(=O)O,0.019,4 STAR
BrCBr,-1.165,4 STAR
CCBr,-1.0859999999999999,4 STAR
ClCBr,-0.889,4 STAR
CCCl,-1.055,4 STAR
C=CCl,-1.36,4 STAR
C=CF,-0.276,4 STAR
CCI,-1.601,4 STAR
CCN,1.3459999999999999,4 STAR
CC#N,1.3869999999999998,4 STAR
CC=O,1.3559999999999999,4 STAR
CCS,-0.6,4 STAR
ClCCl,-0.815,4 STAR
ICI,-2.334,4 STAR
NC=O,1.3459999999999999,4 STAR
S=C=S,-1.81,4 STAR
CSC,-0.9940000000000001,4 STAR
C1CO1,1.3559999999999999,4 STAR
BrC(Br)Br,-1.808,4 STAR
CC(C)Br,-1.631,4 STAR
ClC(Cl)Br,-1.733,4 STAR
CC(C)C,-3.076,4 STAR
CC(C)Cl,-1.4040000000000001,4 STAR
CC(C)I,-2.084,4 STAR
CC(C)N,1.228,4 STAR
CC(Cl)Cl,-1.291,4 STAR
C=C(Cl)Cl,-1.6340000000000001,4 STAR
CC(F)F,-1.315,4 STAR
C=C(F)F,-0.706,4 STAR
FC(Cl)Cl,-0.738,4 STAR
FC(F)Cl,-1.494,4 STAR
FC(F)F,-1.2329999999999999,4 STAR
CN(C)C,1.178,4 STAR
C[N+](=O)[O-],0.26,4 STAR
CC1CO1,1.0070000000000001,4 STAR
FC(F)(F)Br,-2.668,4 STAR
CC(C)(C)N,1.136,4 STAR
CC(C)(C)O,1.13,4 STAR
FC(Cl)(Cl)Cl,-2.096,4 STAR
FC(F)(Cl)Cl,-2.635,4 STAR
FC(F)(F)Cl,-3.065,4 STAR
CCC(C)(C)C,-3.6710000000000003,4 STAR
CC(C)(C)CO,-0.401,4 STAR
CCC(C)(C)O,0.096,4 STAR
O=CC(Cl)(Cl)Cl,-0.691,4 STAR
OCC(F)(F)F,1.0,4 STAR
CC(=O)C(C)(C)C,-0.722,4 STAR
CC(C)(C)C(=O)O,-0.6729999999999999,4 STAR
CC(Cl)(Cl)C(=O)O,0.545,4 STAR
CC(O)C(Cl)(Cl)Cl,-0.757,3 STAR
ClC(Cl)C(Cl)(Cl)Cl,-2.625,4 STAR
O=C(O)C(Cl)(Cl)Cl,0.519,4 STAR
O=[N+]([O-])C(Cl)(Cl)Cl,-2.006,4 STAR
FC(Cl)(Cl)C(F)(Cl)Cl,-3.1889999999999996,4 STAR
FC(F)(Cl)C(F)(Cl)Cl,-3.042,4 STAR
FC(F)(Cl)C(F)(F)Cl,-3.1189999999999998,4 STAR
FC(F)(F)C(F)(F)Cl,-3.411,4 STAR
FC(F)(F)C(F)(F)C(F)(F)F,-4.518,4 STAR
CCC(C)(S(=O)(=O)CC)S(=O)(=O)CC,-1.685,4 STAR
CC1(C)OC2CC3C4CCC5=CC(=O)C=CC5(C)C4(F)C(O)CC3(C)C2(C(=O)CO)O1,-4.316,4 STAR
ClC1=C(Cl)C2(Cl)C3C(Cl)C=CC3C1(Cl)C2(Cl)Cl,-6.317,4 STAR
COc1ccc2c3c1OC1C(O)C=CC4C(C2)N(C)CCC341,-1.5219999999999998,4 STAR
CCCC(C)C1(CC)C(=O)N=C(O)NC1=O,-2.523,4 STAR
CCC1(C(C)C)C(=O)NC(=O)NC1=O,-2.214,4 STAR
O=C(O)C(O)(c1ccccc1)c1ccccc1,-2.209,4 STAR
C=CCC1(C(C)C)C(=O)NC(=O)NC1=O,-1.712,4 STAR
C=C1CC23CC1(O)CCC2C12C=CC(O)C(C)(C(=O)O1)C2C3C(=O)O,-1.841,4 STAR
O=C1OC(c2ccc(O)cc2)(c2ccc(O)cc2)c2ccccc21,-2.9010000000000002,4 STAR
CCC1(c2ccccc2)CCC(=O)NC1=O,-2.3369999999999997,4 STAR
C=CCC1(C(C)CCC)C(=O)NC(=S)NC1=O,-3.458,4 STAR
CCCCC1(CC)C(=O)NC(=O)NC1=O,-1.6380000000000001,4 STAR
NS(=O)(=O)c1cc(C2(O)NC(=O)c3ccccc32)ccc1Cl,-3.451,4 STAR
ClC1=C(Cl)C(Cl)(Cl)C(Cl)=C1Cl,-5.181,4 STAR
CCC(Br)(CC)C(=O)NC(N)=O,-2.676,4 STAR
CCC(C)(O)CC,-0.38,4 STAR
C#CC(C)(O)CC,0.115,4 STAR
COS(=O)(=O)OC,-0.654,4 STAR
O=C(O)CC(O)(CC(=O)O)C(=O)O,0.489,4 STAR
CCOC(=O)CC(O)(CC(=O)OCC)C(=O)OCC,-0.603,4 STAR
CCC(C)(CC)OC(N)=O,-1.56,4 STAR
CCOP(=O)(OCC)OCC,0.439,4 STAR
CCCC(C)(COC(N)=O)COC(=O)NC(C)C,-2.938,4 STAR
CCCCSP(=O)(SCCCC)SCCCC,-5.6339999999999995,4 STAR
CC1=CC(=O)CC(C)(C)C1,-1.061,4 STAR
C=CC(C)(O)CCC=C(C)C,-1.9869999999999999,4 STAR
CC(Br)CBr,-2.141,3 STAR
CC(C)CBr,-2.432,4 STAR
CCC(C)C,-3.1630000000000003,4 STAR
C=CC(=C)C,-2.0340000000000003,4 STAR
CC(C)CN,1.136,4 STAR
CC(C)CO,0.059000000000000004,4 STAR
CC(C)C=O,0.091,4 STAR
C=C(C)C=O,-0.039,4 STAR
CCC(C)Cl,-1.966,4 STAR
CC(Cl)CCl,-1.6059999999999999,4 STAR
C=C(Cl)CCl,-1.713,4 STAR
CCC(C)O,0.38799999999999996,4 STAR
CCC(C)=O,0.49,4 STAR
ClCC(Cl)Cl,-1.48,4 STAR
ClC=C(Cl)Cl,-2.077,4 STAR
C=CC(N)=O,0.9540000000000001,4 STAR
NC(=O)CCl,-0.017,4 STAR
CCC(=O)O,1.13,4 STAR
O=C(O)CCl,0.9279999999999999,4 STAR
CNC(C)=O,1.136,4 STAR
COC(C)=O,0.516,4 STAR
CC[N+](=O)[O-],-0.203,4 STAR
BrC(Br)C(Br)Br,-2.7319999999999998,4 STAR
CC(C)C(C)C,-3.583,4 STAR
CC(C)C(=O)O,0.278,4 STAR
ClC(Cl)C(Cl)Cl,-1.754,4 STAR
C=C(C)C(=O)O,0.013999999999999999,4 STAR
O=C(O)C(Cl)Cl,0.89,4 STAR
CC(C)[N+](=O)[O-],-0.615,4 STAR
Nc1ccc(S(=O)(=O)c2ccc(NCCO)cc2)cc1,-2.597,4 STAR
CC(C)(c1ccc(O)cc1)c1ccc(O)cc1,-3.279,4 STAR
Nc1ccc(S(=O)(=O)c2ccc(N)cc2)cc1,-2.815,4 STAR
COc1ccc(NS(=O)(=O)c2ccc(N)cc2)nn1,-3.28,4 STAR
CCC(C)(C)c1ccc(O)cc1,-2.99,4 STAR
CC1(O)CCC(C(C)(C)O)CC1,-1.6340000000000001,4 STAR
C=C(C)C(=O)OC,-0.8240000000000001,4 STAR
CN1C(=O)CCS(=O)(=O)C1c1ccc(Cl)cc1,-2.039,4 STAR
O=C1NS(=O)(=O)c2ccccc21,-1.661,4 STAR
CC(CCC(=O)O)C1CCC2C3C(O)CC4CC(O)CCC4(C)C3CC(O)C12C,-3.3680000000000003,4 STAR
CC(=O)CC(c1ccccc1)c1c(O)c2ccccc2oc1=O,-4.2589999999999995,4 STAR
O=C(O)c1ccccc1C(c1ccc(O)cc1)c1ccc(O)cc1,-3.263,4 STAR
O=[N+]([O-])c1c(Cl)c(Cl)c(Cl)c(Cl)c1Cl,-5.817,4 STAR
O=[N+]([O-])c1cc([N+](=O)[O-])c(O)c([N+](=O)[O-])c1O,-1.662,4 STAR
CN1CCN(C(c2ccccc2)c2ccccc2)CC1,-2.426,4 STAR
CC(C)(C)C(=O)C1C(=O)c2ccccc2C1=O,-4.107,4 STAR
c1cc2c3c(cccc3c1)CC2,-4.5969999999999995,4 STAR
Cc1c[nH]c2ccccc12,-2.421,4 STAR
CC1CC2C(C(O)CC3(C)C2CCC3(O)C(=O)CO)C2(C)C=CC(=O)C=C12,-3.4939999999999998,4 STAR
CC(CCC(=O)O)C1CCC2C3CCC4CC(O)CCC4(C)C3CC(O)C12C,-3.9539999999999997,4 STAR
Oc1cccc2c(O)cccc12,-2.987,4 STAR
Cn1cnc2c1c(=O)[nH]c(=O)n2C,-2.737,4 STAR
c1ccc(-c2ccccc2-c2ccccc2)cc1,-5.269,4 STAR
CCC(c1ccc(O)cc1)C(CC)c1ccc(O)cc1,-4.353,4 STAR
O=C1c2ccccc2C(=O)c2ccccc21,-5.188,4 STAR
CCOC(=O)c1ccccc1C(=O)OCC,-2.313,4 STAR
CC(C)COC(=O)c1ccccc1C(=O)OCC(C)C,-4.652,4 STAR
CCCCOC(=O)c1ccccc1C(=O)OCCCC,-4.395,4 STAR
COc1c2c(cc3oc(=O)ccc13)OC(C)(C)C=C2,-3.81,4 STAR
c1ccc2c(c1)ccc1ccccc12,-5.19,4 STAR
c1ccc2c(c1)ccc1ncccc12,-3.3569999999999998,4 STAR
O=C(O)Cc1c(Cl)ccc(Cl)c1Cl,-3.0780000000000003,4 STAR
O=C(O)c1cccc([N+](=O)[O-])c1O,-2.149,4 STAR
O=C1NC(=O)c2ccccc21,-2.611,4 STAR
O=C1OC(=O)c2ccccc21,-1.3780000000000001,4 STAR
CCCCOC(=O)c1ccccc1C(=O)OCc1ccccc1,-5.065,4 STAR
Cc1cccc(NC(=O)c2ccccc2C(=O)O)c1,-2.407,4 STAR
Nc1ccc2ccccc2c1N=Nc1ccccc1,-5.916,4 STAR
O=NN(c1ccccc1)c1ccccc1,-3.753,4 STAR
COP(=S)(OC)SCn1nnc2ccccc2c1=O,-4.181,4 STAR
O=[N+]([O-])c1cccc2ccccc12,-4.276,4 STAR
c1ccc2c(c1)Cc1ccccc1-2,-4.944,4 STAR
c1ccc2c(c1)[nH]c1ccccc12,-4.968,4 STAR
O=C(O)Cc1cccc2ccccc12,-2.647,4 STAR
NC(=S)Nc1cccc2ccccc12,-2.528,4 STAR
CN1C2CCC1CC(OC(=O)C(O)c1ccccc1)C2,-1.44,4 STAR
O=C(Nc1ccccc1)c1ccccc1O,-3.589,4 STAR
CC(C)CCOC(=O)c1ccccc1O,-3.157,4 STAR
O=[N+]([O-])OC1COC2C(O[N+](=O)[O-])COC12,-2.633,4 STAR
COc1c(Cl)cc(Cl)cc1Cl,-4.325,4 STAR
O=C(O)Cc1c[nH]c2ccccc12,-2.0669999999999997,4 STAR
Clc1cccc(Cl)c1Cl,-4.003,4 STAR
Oc1c(Cl)cccc1Cl,-1.933,4 STAR
Oc1cccc(O)c1O,0.604,4 STAR
ClC(Cl)=C(Cl)C(Cl)=C(Cl)Cl,-4.9110000000000005,4 STAR
O=C(CO)C(O)C(O)C(O)CO,0.301,4 STAR
Cc1c(C)c(C)c(C)c(C)c1C,-5.8389999999999995,4 STAR
Oc1c(Cl)c(Cl)c(Cl)c(Cl)c1Cl,-4.279,4 STAR
OC1C(O)C(O)C(O)C(O)C1O,-0.1,4 STAR
OCC(O)C(O)C(O)CO,0.625,4 STAR
Cc1cc(O)cc(C)c1Cl,-2.7969999999999997,4 STAR
Oc1c(Cl)cc(Cl)cc1Cl,-2.392,4 STAR
CCC(CC)C(=O)O,-0.81,4 STAR
O=C(O)c1ccsc1,-1.474,4 STAR
O=C(O)c1ccco1,-0.48,4 STAR
Cc1ccccc1S(N)(=O)=O,-2.024,4 STAR
O=C(O)c1ccccc1I,-2.7310000000000003,4 STAR
Cc1ccccc1[N+](=O)[O-],-2.324,4 STAR
O=[N+]([O-])c1ccccc1Cl,-2.8960000000000004,4 STAR
Nc1ccccc1[N+](=O)[O-],-1.973,4 STAR
O=[N+]([O-])c1ccccc1O,-1.745,4 STAR
CCC(C)c1cc([N+](=O)[O-])cc([N+](=O)[O-])c1O,-3.665,4 STAR
O=[N+]([O-])c1cc([N+](=O)[O-])c(Cl)c([N+](=O)[O-])c1,-2.6689999999999996,4 STAR
O=[N+]([O-])c1cc([N+](=O)[O-])c(O)c([N+](=O)[O-])c1,-1.256,4 STAR
O=C(O)c1ccccc1C(=O)O,-1.375,4 STAR
O=C(O)c1cccnc1C(=O)O,-1.182,4 STAR
O=C(O)c1cc(C(=O)O)c(C(=O)O)cc1C(=O)O,-1.2590000000000001,4 STAR
O=[N+]([O-])c1cc(Cl)ccc1Cl,-4.137,4 STAR
O=[N+]([O-])c1cc(Cl)c(Cl)cc1Cl,-3.887,4 STAR
CC1CCC(C(C)C)C(O)C1,-2.535,4 STAR
Cc1ccc(C(C)C)c(O)c1,-2.222,4 STAR
CCc1ccccc1O,-1.359,4 STAR
OCc1ccccc1O,-0.295,4 STAR
COc1ccccc1O,-0.8220000000000001,4 STAR
Brc1cccc2ccccc12,-4.3469999999999995,3 STAR
Cc1cccc2ccccc12,-3.741,4 STAR
Clc1cccc2ccccc12,-3.971,4 STAR
Oc1cccc2ccccc12,-2.221,4 STAR
c1ccc(Nc2cccc3ccccc23)cc1,-3.563,4 STAR
C1CCN2CC3CC(CN4CCCCC34)C2C1,-1.8869999999999998,4 STAR
Oc1ccccc1-c1ccccc1,-2.386,4 STAR
O=C(O)C(O)c1ccccc1,0.075,4 STAR
OC(c1ccccc1)c1ccccc1,-2.549,4 STAR
COc1cccc(OC)c1O,-0.9520000000000001,4 STAR
C1CCC2CCCCC2C1,-5.192,4 STAR
c1cnc2ncncc2n1,0.034,4 STAR
c1ccc2ccccc2c1,-3.616,4 STAR
c1ccc2ncccc2c1,-1.325,4 STAR
COc1ccccc1[N+](=O)[O-],-1.9569999999999999,4 STAR
Cc1ccc2ccccc2c1,-3.762,4 STAR
Clc1ccc2ccccc2c1,-4.143,4 STAR
O=c1ccc2ccccc2o1,-1.886,4 STAR
CCN(CC)c1ccccc1,-3.028,4 STAR
Nc1nc(N)nc(-c2ccccc2)n1,-2.494,4 STAR
Nc1ccc(-c2ccc(N)c(Cl)c2)cc1Cl,-4.912,4 STAR
c1ccc(-c2cccc(-c3ccccc3)c2)cc1,-5.183,4 STAR
c1ccc2cc3cc4ccccc4cc3cc2c1,-8.18,4 STAR
Oc1cc2ccccc2cc1O,-2.738,4 STAR
c1ccc(-c2ccccc2)cc1,-4.3469999999999995,4 STAR
Brc1ccc(-c2ccccc2)cc1,-5.553,4 STAR
Oc1ccc(-c2ccccc2)cc1,-3.4810000000000003,4 STAR
c1ccc2c(c1)Nc1ccccc1S2,-5.098,4 STAR
Nc1ccc(-c2ccc(N)cc2)cc1,-2.758,4 STAR
c1ccc(-c2ccc(-c3ccccc3)cc2)cc1,-7.107,4 STAR
O=C(O)c1ccc2ccccc2c1,-3.5639999999999996,4 STAR
COc1ccccc1OCC(O)CO,-0.598,4 STAR
Cc1ccc2ccc(C)nc2c1,-1.944,4 STAR
CCC(=O)c1ccccc1,-1.827,4 STAR
COC(=O)c1ccccc1,-1.8119999999999998,4 STAR
COC(=O)c1cccnc1,-0.46,4 STAR
Cc1cc(Cl)ccc1OC(C)C(=O)O,-2.539,4 STAR
C=CCN(CC=C)C(=O)CCl,-0.945,4 STAR
CC(Oc1cc(Cl)c(Cl)cc1Cl)C(=O)O,-3.5789999999999997,4 STAR
O=C(O)COc1cc(Cl)c(Cl)cc1Cl,-2.963,4 STAR
CCOC(=O)c1ccccc1,-2.319,4 STAR
CCOC(=O)c1ccc(N)cc1,-2.101,4 STAR
CCCOC(=O)c1ccc(N)cc1,-2.3280000000000003,4 STAR
CCCOC(=O)c1ccc(O)cc1,-2.557,4 STAR
CC(C)COC(=O)c1ccc(N)cc1,-2.944,4 STAR
CCc1nnc(NS(=O)(=O)c2ccc(N)cc2)s1,-1.942,4 STAR
CCCNC(=O)NS(=O)(=O)c1ccc(Cl)cc1,-3.03,4 STAR
CCOc1ccc(C(=O)OCCN(CC)CC)cc1,-2.715,4 STAR
CCCCOC(=O)c1ccc(N)cc1,-2.755,4 STAR
CCCCOC(=O)c1ccc(O)cc1,-2.972,4 STAR
O=C(OOC(=O)c1ccccc1)c1ccccc1,-4.425,4 STAR
O=C(C=CC=Cc1ccc2c(c1)OCO2)N1CCCCC1,-3.853,4 STAR
Cc1cc(Cl)ccc1OCC(=O)O,-2.503,4 STAR
O=C(O)COc1ccc(Cl)cc1Cl,-2.5140000000000002,4 STAR
Cc1cc(Cl)ccc1OCCCC(=O)O,-3.678,4 STAR
O=C(O)CCCOc1ccc(Cl)cc1Cl,-3.6719999999999997,4 STAR
CCCC(O)C(CC)CO,-1.3869999999999998,4 STAR
C=C(Cl)CSC(=S)N(CC)CC,-3.35,4 STAR
c1ccc2[nH]nnc2c1,-0.779,4 STAR
c1ccc2sccc2c1,-3.014,4 STAR
c1ccc2scnc2c1,-1.4969999999999999,4 STAR
Cc1ccccc1C,-2.7760000000000002,4 STAR
Cc1ccccc1O,-0.621,4 STAR
Cc1ccccc1Cl,-2.53,4 STAR
Clc1ccccc1Cl,-2.9739999999999998,4 STAR
Nc1ccccc1Cl,-1.194,4 STAR
Cc1ccccc1N,-0.81,4 STAR
Nc1ccccc1N,-0.428,4 STAR
Nc1ccccc1O,-0.737,4 STAR
Oc1ccccc1Cl,-1.056,4 STAR
Cc1ccc(C)c(C)c1,-3.324,4 STAR
Cc1ccc(O)cc1C,-1.409,4 STAR
Cc1ccc(Cl)c(Cl)c1,-3.792,4 STAR
Nc1ccc(Cl)c(Cl)c1,-3.2460000000000004,4 STAR
Cc1ccc(C)c(O)c1,-1.538,4 STAR
Cc1cc(C)c(C)cc1C,-4.586,4 STAR
Clc1cc(Cl)c(Cl)cc1Cl,-5.56,4 STAR
Oc1cc(Cl)c(Cl)cc1Cl,-2.2159999999999997,4 STAR
c1ccc(C2CO2)cc1,-1.6030000000000002,4 STAR
ClCC(Br)CBr,-2.374,4 STAR
CCC(C)CC,-3.6830000000000003,4 STAR
CCC(=O)CC,-0.253,4 STAR
OC(CCl)CCl,-0.115,4 STAR
C=CC(=O)OC,-0.24100000000000002,4 STAR
CC1CCCC1,-3.302,4 STAR
S=C1NCCN1,-0.708,4 STAR
CC1CCCO1,0.31,4 STAR
O=C1CCCO1,1.065,4 STAR
CC(OP(C)(=O)F)C(C)(C)C,-0.938,4 STAR
Nc1cc([N+](=O)[O-])cc([N+](=O)[O-])c1O,-2.153,4 STAR
Oc1ccc(Cl)cc1Cc1cc(Cl)ccc1O,-3.9530000000000003,4 STAR
COC1OC(CO)C(O)C(O)C1O,0.299,4 STAR
C=CCc1ccc(O)c(OC)c1,-1.5619999999999998,4 STAR
C=C(C)C(=O)OCC,-1.325,4 STAR
C=C(CC(=O)O)C(=O)O,-0.22899999999999998,4 STAR
CCN(CC)C(=S)SSC(=S)N(CC)CC,-4.86,4 STAR
CC(C)COC(=O)C(C)C,-2.403,4 STAR
C=C(C)C(=O)OCC(C)C,-2.039,4 STAR
C=C(C)C(=O)OCCCC,-2.25,4 STAR
CCC(CC)CO,-1.4069999999999998,4 STAR
OCc1ccco1,1.008,4 STAR
O=Cc1ccco1,-0.096,4 STAR
CC(C)(C)c1ccccc1,-3.658,4 STAR
ClC(Cl)(Cl)c1ccccc1,-3.5669999999999997,4 STAR
FC(F)(F)c1ccccc1,-2.511,4 STAR
NS(=O)(=O)c1ccccc1,-1.5630000000000002,4 STAR
CC(C)(C)c1ccc(O)c(O)c1,-1.92,4 STAR
CC(C)(C)c1ccc(O)cc1,-2.4130000000000003,4 STAR
CC1=CCC(C(C)(C)O)CC1,-1.889,4 STAR
CC(C)(C)c1ccc(C(=O)O)cc1,-3.804,4 STAR
O=C1CCC(C(=O)O)N1,0.5670000000000001,4 STAR
CC(C)c1ccccc1,-3.292,4 STAR
C=C(C)c1ccccc1,-3.008,4 STAR
CC(N)c1ccccc1,-0.46,3 STAR
CC(=O)c1ccccc1,-1.2919999999999998,4 STAR
ClC(Cl)c1ccccc1,-2.8089999999999997,4 STAR
O=C(O)C1CCCCC1,-1.445,4 STAR
NC(=O)c1cccnc1,0.612,4 STAR
O=[N+]([O-])c1ccccc1,-1.77,4 STAR
NC(=O)c1cnccn1,-0.914,4 STAR
Cc1cccc(C(=O)O)c1,-2.1430000000000002,4 STAR
Nc1cccc(C(=O)O)c1,-1.3659999999999999,4 STAR
O=C(O)c1cccc(O)c1,-1.28,4 STAR
Cc1cccc([N+](=O)[O-])c1,-2.438,4 STAR
Nc1cccc([N+](=O)[O-])c1,-2.061,4 STAR
O=C(O)CC(CC(=O)O)C(=O)O,0.275,4 STAR
COC(=O)c1cc(O)c(O)c(O)c1,-1.24,4 STAR
Nc1c(Cl)cc([N+](=O)[O-])cc1Cl,-4.471,4 STAR
O=C(O)c1cc([N+](=O)[O-])cc([N+](=O)[O-])c1,-2.1959999999999997,4 STAR
O=[N+]([O-])c1cc([N+](=O)[O-])cc([N+](=O)[O-])c1,-2.885,4 STAR
C=C(C)C1CC=C(C)C(=O)C1,-2.063,4 STAR
O=C(O)c1ccc(O)c(O)c1,-0.9279999999999999,4 STAR
O=[N+]([O-])c1ccc(Cl)c(Cl)c1,-3.201,4 STAR
O=Cc1cccc([N+](=O)[O-])c1,-1.9669999999999999,4 STAR
O=[N+]([O-])c1cccc([N+](=O)[O-])c1,-2.499,4 STAR
CCCC(CCC)C(=O)O,-1.858,4 STAR
CCC(C)c1ccc(O)cc1,-2.194,4 STAR
COC(=O)c1ccc(O)cc1,-1.784,4 STAR
Cc1ccc(C(C)C)cc1,-3.759,4 STAR
CC(=O)c1ccc(N)cc1,-1.6059999999999999,4 STAR
CC(=O)c1ccc(O)cc1,-1.138,4 STAR
Cc1ccc(C(=O)O)cc1,-2.603,4 STAR
O=C(O)c1ccc(O)cc1,-1.4409999999999998,4 STAR
Cc1ccc(N(C)C)cc1,-2.318,4 STAR
Cc1ccc([N+](=O)[O-])cc1,-2.492,4 STAR
O=[N+]([O-])c1ccc(Cl)cc1,-2.845,4 STAR
Nc1ccc([N+](=O)[O-])cc1,-2.278,4 STAR
O=[N+]([O-])c1ccc(O)cc1,-1.079,4 STAR
COc1ccc(C(=O)O)cc1,-2.458,4 STAR
COc1ccc([N+](=O)[O-])cc1,-2.414,4 STAR
O=[N+]([O-])c1ccc([N+](=O)[O-])cc1,-3.387,4 STAR
O=C(O)c1ccc(C(=O)O)nc1,-2.13,4 STAR
C=CC1CC=CCC1,-3.335,4 STAR
CCc1ccccc1,-2.798,4 STAR
C=Cc1ccccc1,-2.526,4 STAR
ClCc1ccccc1,-2.3819999999999997,4 STAR
NCc1ccccc1,0.97,4 STAR
N#Cc1ccccc1,-1.712,4 STAR
OCc1ccccc1,-0.43200000000000005,4 STAR
O=Cc1ccccc1,-1.208,4 STAR
OCc1cccnc1,0.9620000000000001,4 STAR
CNc1ccccc1,-1.28,4 STAR
NNc1ccccc1,0.07,4 STAR
ONc1ccccc1,-0.737,4 STAR
COc1ccccc1,-2.017,4 STAR
CSc1ccccc1,-2.39,4 STAR
CCc1ccccn1,0.501,4 STAR
O=NN1CCCCC1,-0.174,4 STAR
C=Cc1cccc(C)c1,-3.123,4 STAR
O=Cc1cccc(O)c1,-0.647,4 STAR
Clc1nc(Cl)nc(Nc2ccccc2Cl)n1,-4.537,4 STAR
CC(C)OC(=O)Nc1cccc(Cl)c1,-3.38,4 STAR
O=C(Nc1cccc(Cl)c1)OCC#CCCl,-4.37,4 STAR
CN(C)C(=O)Nc1ccccc1,-1.61,4 STAR
Nc1ccc(Cc2ccc(N)cc2)cc1,-2.2969999999999997,4 STAR
c1ccc(Cc2ccccc2)cc1,-4.077,4 STAR
c1ccc(Oc2ccccc2)cc1,-3.9760000000000004,4 STAR
CCCN(CCC)CCC,-2.282,4 STAR
CC(=O)OCC(COC(C)=O)OC(C)=O,-0.575,4 STAR
CCCCN(CCCC)CCCC,-3.116,4 STAR
c1ccc(CCc2ccccc2)cc1,-4.627,4 STAR
C(=Cc1ccccc1)c1ccccc1,-5.792999999999999,4 STAR
c1ccc(N=Nc2ccccc2)cc1,-4.454,4 STAR
CCOC(=O)C=Cc1ccccc1,-2.9960000000000004,4 STAR
c1ccc(COCc2ccccc2)cc1,-3.695,4 STAR
CCCc1ccccc1,-3.362,4 STAR
O=CNc1ccccc1,-0.6779999999999999,4 STAR
CCOc1ccccc1,-2.332,4 STAR
O=C(O)Cc1ccccc1,-0.914,4 STAR
CC(=O)Nc1ccccc1,-1.29,4 STAR
NC(=S)Nc1ccccc1,-1.79,4 STAR
CC(=O)Nc1ccc(O)cc1,-1.033,4 STAR
CCOCCOC(=O)C=Cc1ccc(OC)cc1,-2.699,4 STAR
OCC(O)COc1ccc(Cl)cc1,-1.307,4 STAR
CC=Cc1ccc(OC)cc1,-3.1260000000000003,4 STAR
CCCCc1ccccc1,-4.056,4 STAR
O=CC=Cc1ccccc1,-1.969,4 STAR
CCCCC(CC)CN,-1.713,4 STAR
CCCCC(CC)CO,-2.27,4 STAR
Cc1ccc(C=O)cc1,-1.724,4 STAR
O=C(O)C=Cc1c[nH]cn1,-1.964,4 STAR
CCc1ccc(CC)cc1,-3.733,4 STAR
CCCC(C)CO,-1.2309999999999999,4 STAR
CCOC(=O)CC,-0.726,4 STAR
CCOC(=O)NC,0.826,4 STAR
COC(=O)CC(C)=O,0.634,4 STAR
CCC(C)OC(C)=O,-1.273,4 STAR
CCOC(=O)CC(=O)OCC,-0.8390000000000001,4 STAR
CCCC(=O)OCC,-1.275,4 STAR
CCOC(=O)CC#N,-0.753,4 STAR
CCOC(C)OCC,-0.429,4 STAR
CCOC(=O)OCC,-0.7979999999999999,4 STAR
O=C1CCCCCN1,0.8340000000000001,4 STAR
CCCOC(=O)CCC,-1.905,4 STAR
Cc1ccc(O)c(C)c1,-1.1909999999999998,4 STAR
CCCCCCC(=O)OCC,-2.737,4 STAR
CCCCCCCC(=O)OCC,-3.391,4 STAR
CCCCC(=O)CC,-0.902,4 STAR
CCCOC(=O)CC,-1.34,4 STAR
Brc1ccc(Br)cc1,-4.072,4 STAR
Cc1ccc(Br)cc1,-3.1919999999999997,4 STAR
Clc1ccc(Br)cc1,-3.63,4 STAR
Oc1ccc(Br)cc1,-1.092,4 STAR
Cc1ccc(C)cc1,-2.8160000000000003,4 STAR
Cc1ccc(Cl)cc1,-3.077,4 STAR
Cc1ccc(O)cc1,-0.7020000000000001,4 STAR
Clc1ccc(Cl)cc1,-3.2569999999999997,4 STAR
Nc1ccc(Cl)cc1,-1.515,4 STAR
Oc1ccc(Cl)cc1,-0.7290000000000001,4 STAR
Cc1ccc(N)cc1,-1.217,4 STAR
Nc1ccc(N)cc1,-0.466,4 STAR
O=C1C=CC(=O)C=C1,-0.9890000000000001,4 STAR
C=CC(=O)OCC(C)C,-1.8530000000000002,4 STAR
CCCCCC(=O)OC,-1.9909999999999999,4 STAR
CCC1CO1,-0.086,4 STAR
ClCC1CO1,-0.147,4 STAR
C=CCOCC1CO1,0.092,4 STAR
BrCCBr,-1.656,4 STAR
CCCBr,-1.7009999999999998,4 STAR
C=CCBr,-1.5,4 STAR
CCCC,-2.978,4 STAR
C=CCC,-2.405,4 STAR
C=CC=C,-1.867,4 STAR
C#CCC,-1.275,4 STAR
C=CC=O,0.578,4 STAR
ClCCBr,-1.318,4 STAR
C=CCCl,-1.8840000000000001,4 STAR
ClCCCl,-1.065,4 STAR
OCCCl,1.094,4 STAR
CCCI,-2.201,4 STAR
CCCN,1.228,4 STAR
C=CCN,1.2429999999999999,4 STAR
CCC#N,0.272,4 STAR
C=CC#N,0.147,4 STAR
C=CCO,1.236,4 STAR
C#CCO,1.251,4 STAR
OCCO,1.207,4 STAR
COC=O,0.7040000000000001,4 STAR
NCCS(=O)(=O)O,-0.191,4 STAR
NC(=O)OCC(Cl)(Cl)Cl,-1.284,4 STAR
CC(C)CCBr,-2.887,4 STAR
CCCC(C)C,-3.74,4 STAR
CCCC(C)=O,-0.302,4 STAR
N#CCC(N)=O,0.18899999999999997,4 STAR
CCCC(=O)O,1.055,4 STAR
NCCC(=O)O,0.787,4 STAR
CNCC(=O)O,0.527,4 STAR
CCC[N+](=O)[O-],-0.774,4 STAR
C=COC(C)=O,-0.634,4 STAR
CC(C)CC(C)C,-4.261,4 STAR
CC(=O)CC(C)C,-0.722,4 STAR
CC(C)CC(C)O,-0.795,4 STAR
CC(C)NC(C)C,0.036000000000000004,4 STAR
CC(C)OC(C)C,-1.7080000000000002,4 STAR
CC(=O)OC(C)C,-0.519,4 STAR
CC(=O)OC(C)=O,0.07,4 STAR
C=C1C=CC(=O)O1,-0.983,4 STAR
CC1COC(=O)O1,0.23399999999999999,4 STAR
Brc1cccc(Br)c1,-3.543,4 STAR
Clc1cccc(Br)c1,-3.21,4 STAR
Cc1cccc(C)c1,-2.819,4 STAR
Cc1cccc(O)c1,-0.6779999999999999,4 STAR
Nc1cccc(Cl)c1,-1.3730000000000002,4 STAR
Oc1cccc(Cl)c1,-0.6940000000000001,4 STAR
Cc1cccc(N)c1,-0.8540000000000001,4 STAR
Nc1cccc(N)c1,0.34299999999999997,4 STAR
Oc1cccc(O)c1,0.8140000000000001,4 STAR
Cc1ccnc(C)c1,0.514,4 STAR
Cc1cccc(C)n1,0.447,4 STAR
CC(CCl)OC(C)CCl,-2.003,4 STAR
CCOC(=O)CC(C)C,-1.652,4 STAR
COCC(C)OC(C)=O,0.17600000000000002,4 STAR
Cc1cc(C)cc(C)c1,-3.397,4 STAR
Cc1cc(C)cc(O)c1,-1.399,4 STAR
Clc1cc(Cl)cc(Cl)c1,-4.48,4 STAR
Oc1cc(O)cc(O)c1,-1.075,4 STAR
Cc1cc(C)nc(C)c1,-0.539,4 STAR
CC(C)CC(O)CC(C)C,-2.1590000000000003,4 STAR
CC(C)CC(=O)CC(C)C,-1.7309999999999999,4 STAR
CC(=O)OC(C)CC(C)C,-2.045,4 STAR
BrC1CCCCC1,-2.294,4 STAR
Brc1ccccc1,-2.5469999999999997,4 STAR
CC1CCCCC1,-3.7880000000000003,4 STAR
Cc1ccccc1,-2.2430000000000003,4 STAR
Cc1ccncc1,1.031,4 STAR
Clc1ccccc1,-2.354,4 STAR
NC1CCCCC1,1.004,4 STAR
OC1CCCCC1,-0.377,4 STAR
O=C1CCCCC1,-0.594,4 STAR
Oc1ccccc1,-0.055999999999999994,4 STAR
Sc1ccccc1,-2.12,4 STAR
Cc1cccnc1,1.031,4 STAR
Oc1cccnc1,-0.456,4 STAR
CN1CCOCC1,0.995,4 STAR
Brc1ccccn1,-0.8809999999999999,4 STAR
Cc1ccccn1,1.031,4 STAR
CC1CNCCN1,0.638,4 STAR
Cc1cnccn1,1.026,4 STAR
Clc1ccccn1,-0.754,4 STAR
C=C(C)C(=O)OCCOCCOCCOC(=O)C(=C)C,-1.901,4 STAR
CCCCOC(=O)CCC,-2.46,4 STAR
CCCCC(=O)O,-0.41600000000000004,4 STAR
C=CCNC(N)=S,-0.294,4 STAR
CC(C)OCCO,0.982,4 STAR
CCCOC(C)=O,-0.733,4 STAR
BrCCCBr,-2.075,4 STAR
CCCCBr,-2.198,4 STAR
CCCCC,-3.278,4 STAR
C=CCCC,-2.676,4 STAR
CC=CCC,-2.538,4 STAR
CCCCCl,-1.925,4 STAR
ClCCCBr,-1.847,4 STAR
CCCCN,1.136,4 STAR
CCCC#N,-0.321,4 STAR
N#CCC#N,0.304,4 STAR
CCCCS,-2.1790000000000003,4 STAR
COCCO,1.119,4 STAR
COCOC,0.506,4 STAR
CCNCC,1.136,4 STAR
C=COCC,-0.858,4 STAR
C=COC=C,-1.261,4 STAR
CCOC=O,0.076,4 STAR
c1cc[nH]c1,-0.17300000000000001,4 STAR
C1CCOC1,1.1420000000000001,4 STAR
c1ccoc1,-0.833,4 STAR
c1ccsc1,-1.446,4 STAR
CC(C)(C)OOC(C)(C)C,-3.165,4 STAR
CC(=O)CCC(C)C,-1.325,4 STAR
O=C(O)CCC(=O)O,-0.152,4 STAR
CC(=O)OCC(C)C,-1.266,4 STAR
CCCCCCCCCC(=O)OCC,-4.1,4 STAR
CCOC(=O)CCCCCCCCC(=O)OCC,-3.51,4 STAR
CCCCCCCCCC(=O)OC,-4.627,4 STAR
CCCCCC(C)=O,-1.4240000000000002,4 STAR
CC=CC=CC(=O)O,-1.652,4 STAR
CC(C)CCOC=O,-1.547,3 STAR
CCCCCBr,-3.075,4 STAR
CCCCCC,-3.958,4 STAR
CCCCCN,1.06,4 STAR
N#CCCC#N,0.204,4 STAR
CCCCC=O,-0.867,4 STAR
COCCOC,1.045,4 STAR
CCCOC=O,-0.603,4 STAR
CCOCCO,1.045,4 STAR
C1CCCCC1,-3.185,4 STAR
C1=CCCCC1,-2.5860000000000003,4 STAR
C1CNCCN1,1.065,4 STAR
c1ccncc1,1.102,4 STAR
C1OCOCO1,0.28800000000000003,4 STAR
C1CCNCC1,1.07,4 STAR
C1COCCN1,1.06,4 STAR
O=C(O)CCCC(=O)O,1.083,4 STAR
CC(O)CNCC(C)O,0.815,4 STAR
CCCCCCCC(=O)OC,-3.39,4 STAR
CCCCCCC(C)=O,-2.154,4 STAR
CCCCCCC(=O)O,-1.6640000000000001,4 STAR
CCOCCOC(C)=O,0.272,4 STAR
O=C(O)CCCCCC(=O)O,-0.506,4 STAR
O=C(O)CCSCCC(=O)O,-0.68,4 STAR
O=C(O)CCCCCCCCC(=O)O,-2.306,4 STAR
CCCCCCBr,-3.8080000000000003,4 STAR
CCCCCCN,-0.9259999999999999,4 STAR
CCCCCCO,-1.239,4 STAR
C=COCCCC,-1.524,4 STAR
OCCNCCO,0.978,4 STAR
CCCOCCC,-1.319,4 STAR
ClCCOCCCl,-0.92,4 STAR
CC(=O)OCCOC(C)=O,0.086,4 STAR
CCCCCCCC,-5.2379999999999995,4 STAR
C=CCCCCCC,-4.437,4 STAR
N#CCCCCC#N,-0.131,4 STAR
CCCCCCCO,-1.8419999999999999,4 STAR
CCCCCCC=O,-1.9609999999999999,4 STAR
CCCCOCCO,0.927,4 STAR
CCCCCCCCBr,-5.063,4 STAR
CCCCCCCCC,-5.766,4 STAR
CCCCCCCCO,-2.3819999999999997,4 STAR
CCOCCOCCO,0.872,4 STAR
CCCCNCCCC,-1.439,4 STAR
COCCOCCOC,0.872,4 STAR
CCCCCCCCC(=O)O,-2.7460000000000004,4 STAR
NCCNCCNCCN,0.835,4 STAR
CCCCCCOCCO,-1.169,4 STAR
ClCCOCCOCCCl,-0.996,4 STAR
CCCCCCCCCCO,-3.6310000000000002,4 STAR
CCOCCOCCOCC,0.79,4 STAR
CCCCCCCCCCC(=O)O,-3.553,4 STAR
C=CCCCCCCCCC(=O)O,-3.398,4 STAR
CCCCCCCCCCCC,-6.41,4 STAR
CCCCOCCOCCCC,-1.94,4 STAR
CCCCCCCCCCCCO,-4.668,4 STAR
NCCNCCNCCNCCN,0.723,4 STAR
CCCCCCCCCCCCCCO,-5.854,4 STAR
CCCCOCCOCCOCCCC,-1.8619999999999999,4 STAR
CCCCCCCCCCCCCCCCCCO,-8.391,4 STAR
CNC(=O)Oc1ccccc1OC(C)C,-2.051,4 STAR
COC,0.884,4 STAR
C=C(C)C,-2.329,4 STAR
C#CC(C)(C)O,1.075,4 STAR
OCC(Cl)(Cl)Cl,-0.254,4 STAR
CCS(=O)(=O)C(C)(C)S(=O)(=O)CC,-1.9269999999999998,4 STAR
FC1(F)C(F)(F)C(F)(F)C1(F)F,-3.638,4 STAR
OC(c1ccc(Cl)cc1)(c1ccc(Cl)cc1)C(Cl)(Cl)Cl,-5.4479999999999995,4 STAR
C=CCC1(c2ccccc2)C(=O)NC(=O)NC1=O,-2.1519999999999997,4 STAR
OCC(CO)(CO)CO,-0.275,4 STAR
O=P(Oc1ccccc1)(Oc1ccccc1)Oc1ccccc1,-5.235,4 STAR
COP(=O)(Oc1ccccc1)Oc1ccccc1,-2.121,4 STAR
CCOP(=S)(OCC)Oc1ccc([S+](C)[O-])cc1,-2.188,4 STAR
CCNC(=O)CSP(=S)(OC)OC,-1.4569999999999999,4 STAR
CNC(=O)ON=CC(C)(C)SC,-1.499,4 STAR
O=[N+]([O-])c1c(Cl)c(Cl)cc(Cl)c1Cl,-5.096,4 STAR
O=C(O)C(c1ccccc1)c1ccccc1,-3.2230000000000003,4 STAR
O=C1C(Cl)=C(Cl)C(=O)c2ccccc21,-4.382,4 STAR
CCCCC(CC)COC(=O)c1ccccc1C(=O)OCC(CC)CCCC,-6.968,4 STAR
CN1CCN(CCCN2c3ccccc3Sc3ccc(C(F)(F)F)cc32)CC1,-4.524,4 STAR
O=C(Oc1ccccc1)c1ccccc1O,-3.155,4 STAR
Cc1occc(=O)c1O,-1.063,4 STAR
Clc1c(Cl)c(Cl)c(Cl)c(Cl)c1Cl,-7.662000000000001,4 STAR
Oc1c(Br)cc(Br)cc1Br,-3.674,4 STAR
Cc1ccccc1C(=O)O,-2.062,4 STAR
O=C(O)c1ccccc1Cl,-1.875,4 STAR
Nc1ccccc1C(=O)O,-1.5930000000000002,4 STAR
Cc1c([N+](=O)[O-])cc([N+](=O)[O-])cc1[N+](=O)[O-],-3.242,4 STAR
COc1ccc([N+](=O)[O-])cc1[N+](=O)[O-],-3.1069999999999998,4 STAR
Cc1ccc(O)c([N+](=O)[O-])c1,-2.384,4 STAR
COC(=O)c1ccccc1O,-1.3130000000000002,4 STAR
O=C(c1ccccc1)C(O)c1ccccc1,-2.85,4 STAR
O=C(c1ccccc1)c1ccccc1,-3.1239999999999997,4 STAR
c1ccc2c(c1)CCCC2,-3.452,4 STAR
c1ccc2cnccc2c1,-1.456,4 STAR
CNc1ccccc1C(=O)O,-2.878,4 STAR
COc1cc(-c2ccc(N)c(OC)c2)ccc1N,-3.61,4 STAR
c1ccc2nc(-c3ccc4ccccc4n3)ccc2c1,-5.4,4 STAR
OCCN(CCO)c1ccccc1,-0.735,4 STAR
c1ccc2cc3ccccc3cc2c1,-6.614,4 STAR
Oc1ccc(Cl)cc1Cc1ccccc1,-3.167,4 STAR
CC(Oc1ccc(Cl)cc1Cl)C(=O)O,-2.827,4 STAR
CCOC(=O)c1ccc(O)cc1,-2.309,4 STAR
O=Cc1ccc2c(c1)OCO2,-1.632,4 STAR
c1ccc2[nH]ccc2c1,-1.517,4 STAR
Oc1ccccc1O,0.622,4 STAR
Clc1ccc(Cl)c(Cl)c1,-3.569,4 STAR
Oc1ccc(Cl)cc1Cl,-1.5590000000000002,4 STAR
Cc1ccc([N+](=O)[O-])cc1[N+](=O)[O-],-2.8289999999999997,4 STAR
COc1cc(C=O)ccc1O,-1.141,4 STAR
COc1cc(C(=O)O)ccc1O,-2.05,4 STAR
CCN(CC)CC,-0.138,4 STAR
CC(=O)Nc1ccc(S(N)(=O)=O)cc1,-1.607,4 STAR
CN(C)c1ccccc1,-1.922,4 STAR
O=[N+]([O-])c1cccc(Cl)c1,-2.761,4 STAR
CCOC(=O)CC(SP(=S)(OC)OC)C(=O)OCC,-3.364,4 STAR
CCCOC(=O)c1cc(O)c(O)c(O)c1,-1.7830000000000001,4 STAR
O=[N+]([O-])N1CN([N+](=O)[O-])CN([N+](=O)[O-])C1,-3.571,4 STAR
O=C(O)c1cccc(C(=O)O)c1,-3.22,4 STAR
O=C(O)c1cccc([N+](=O)[O-])c1,-1.669,4 STAR
COC(=O)c1ccc(OC)cc1,-2.412,4 STAR
COc1cc(NS(=O)(=O)c2ccc(N)cc2)nc(OC)n1,-2.957,4 STAR
COP(=S)(OC)Oc1ccc([N+](=O)[O-])c(C)c1,-3.863,4 STAR
CN(C)C(=O)OC1=CC(=O)CC(C)(C)C1,-0.848,4 STAR
CCNc1nc(Cl)nc(NCC)n1,-4.5489999999999995,4 STAR
c1ccc(Nc2ccccc2)cc1,-3.5039999999999996,4 STAR
CC(C)OC(=O)Nc1ccccc1,-3.0010000000000003,4 STAR
O=C(O)COc1ccccc1,-1.103,4 STAR
c1ccc(OCC2CO2)cc1,-1.796,4 STAR
O=C(O)COc1ccc(Cl)cc1,-2.29,4 STAR
OCCCc1ccccc1,-1.38,4 STAR
OCCOc1ccccc1,-0.7140000000000001,4 STAR
CCCCC(CC)CCl,-3.1719999999999997,3 STAR
CCc1ccc(O)cc1,-1.475,4 STAR
O=Cc1ccc(O)cc1,-0.976,4 STAR
COc1ccc(C=O)cc1,-1.5019999999999998,4 STAR
CCCC(=O)CCC,-1.5519999999999998,4 STAR
O=C(O)CCC(=O)OOC(=O)CCC(=O)O,-0.847,4 STAR
CCOC(=O)CCC(=O)OCC,-0.96,4 STAR
CCCCCCCCC(=O)OCC,-3.8,4 STAR
Nc1ccc(O)cc1,-0.8340000000000001,4 STAR
Oc1ccc(O)cc1,-0.184,4 STAR
O=c1ccc(=O)[nH][nH]1,-1.271,4 STAR
CCC=O,0.722,4 STAR
CC(C)CCO,-0.519,4 STAR
CC(=O)CC(C)=O,0.22,4 STAR
O=C1CCC(=O)N1,0.29600000000000004,4 STAR
CC1OC(C)OC(C)O1,-0.07200000000000001,4 STAR
CCCCCC(=O)OCC,-2.36,4 STAR
CCCC=O,-0.006999999999999999,4 STAR
CC=CC=O,0.33,4 STAR
C1CCNC1,1.148,4 STAR
CCCCOC(C)=O,-1.141,4 STAR
C1COCCO1,1.055,4 STAR
CC(=O)OCCC(C)C,-1.814,4 STAR
O=C(O)CCCCCCCC(=O)O,-1.8940000000000001,4 STAR
C=CCNCC=C,-0.053,4 STAR
O=C(O)CCCCC(=O)O,-0.6759999999999999,4 STAR
CCCCCCCC(=O)O,-2.262,4 STAR
NCCCCCCN,0.935,4 STAR
C=CCCCCCCC,-5.052,4 STAR
CCCCCCCC=O,-2.36,4 STAR
CCCCOCCOCCOC(C)=O,-0.49700000000000005,4 STAR
CCCCCCCCC=O,-3.1710000000000003,4 STAR
CNC,1.558,4 STAR
ClC(Br)Br,-1.919,4 STAR
FC(Br)C(F)(F)F,-1.901,3 STAR
CC12C=CC(=O)C=C1CCC1C3CC(O)C(O)(C(=O)CO)C3(C)CC(O)C12F,-3.693,4 STAR
CCC1(c2ccccc2)C(=O)NCNC1=O,-2.64,4 STAR
CC(=O)c1c(O)c(C)c(O)c2c1OC1=CC(=O)C(C(C)=O)C(=O)C12C,-3.537,4 STAR
COC1=CC(=O)CC(C)C12Oc1c(Cl)c(OC)cc(OC)c1C2=O,-4.611000000000001,4 STAR
O=[N+]([O-])C(CO)(CO)CO,0.821,4 STAR
C#CC1(OC(N)=O)CCCCC1,-1.825,4 STAR
CCCCOP(=O)(OCCCC)OCCCC,-2.978,4 STAR
CCOP(=O)(OCC)SCCSCC,-2.1109999999999998,4 STAR
C=C(C)C#N,-0.42200000000000004,4 STAR
NC(=O)NO,1.119,4 STAR
ClC(Cl)=C(Cl)Cl,-2.9189999999999996,4 STAR
CC(=O)N(C)C,1.06,4 STAR
CC(CCC(=O)O)C1CCC2C3C(O)CC4CC(O)CCC4(C)C3CCC12C,-3.9665,4 STAR
COc1ccc2c(c1OC)C(=O)OC2C1c2c(cc3c(c2OC)OCO3)CCN1C,-3.139,4 STAR
Nc1ccc(N)c2c1C(=O)c1ccccc1C2=O,-5.859,4 STAR
c1cc2ccc3cccc4ccc(c1)c2c34,-6.176,4 STAR
CCCCC1C(=O)N(c2ccccc2)N(c2ccc(O)cc2)C1=O,-3.733,4 STAR
COC(=O)c1ccccc1C(=O)OC,-1.686,4 STAR
CCCOC(=O)c1ccccc1C(=O)OCCC,-3.365,4 STAR
C=CCOC(=O)c1ccccc1C(=O)OCC=C,-3.1310000000000002,4 STAR
COc1ccc(C(=O)Cc2c(CCN(C)C)cc3c(c2OC)OCO3)c(C(=O)O)c1OC,-2.535,4 STAR
O=[N+]([O-])c1cc(C2CCCCC2)c(O)c([N+](=O)[O-])c1,-4.249,4 STAR
O=Nc1c(O)ccc2ccccc12,-2.238,4 STAR
O=Nc1ccc2ccccc2c1O,-2.54,4 STAR
O=C(O)c1cc(-c2ccccc2)nc2ccccc12,-3.193,4 STAR
c1ccc2c(c1)oc1ccccc12,-4.734,4 STAR
c1ccc2c(c1)sc1ccccc12,-5.098,4 STAR
O=C(O)c1ccccc1C(=O)Nc1cccc2ccccc12,-3.1630000000000003,4 STAR
Oc1cc(O)c2ccccc2c1,-1.949,4 STAR
O=C1C2CC=CCC2C(=O)N1SC(Cl)(Cl)Cl,-4.77,4 STAR
Nc1ccc(C(=O)Oc2ccccc2)c(O)c1,-4.515,4 STAR
Cc1cc(O)c(Cl)c(C)c1Cl,-2.98,4 STAR
NS(=O)(=O)c1cc2c(cc1Cl)NC(C(Cl)Cl)NS2(=O)=O,-2.677,4 STAR
Nc1cc(Cl)cc(C(=O)O)c1Cl,-2.469,4 STAR
Nc1cccc2ccccc12,-1.925,4 STAR
CCc1ccccc1CC,-3.2760000000000002,4 STAR
NS(=O)(=O)c1cc2c(cc1C(F)(F)F)NCNS2(=O)=O,-3.043,4 STAR
Oc1ccc2ccccc2c1,-2.281,4 STAR
Nc1ccc(-c2ccc(Cl)cc2)cc1,-4.638999999999999,4 STAR
CCC(C)c1ccccc1,-3.8819999999999997,4 STAR
CCCCOC(=O)c1ccccc1,-3.48,4 STAR
CCCCCCc1ccc(O)cc1O,-2.589,4 STAR
Cc1cc(C)c(N)cc1C,-1.955,4 STAR
CCC(C)CO,-0.47200000000000003,4 STAR
CCN(CC)CC(=O)Nc1c(C)cccc1C,-1.757,4 STAR
CCCCOC(=O)C(C)O,-0.563,4 STAR
O=C(O)C1=CC(O)C(O)C(O)C1,-0.065,4 STAR
C=C(C)C1CC=C(C)CC1,-4.093999999999999,4 STAR
CC(C)Nc1nc(Cl)nc(NC(C)C)n1,-4.427,4 STAR
O=Cc1ccc(O)c(O)c1,-0.441,4 STAR
CCNC(=O)Nc1ncc([N+](=O)[O-])s1,-2.858,4 STAR
O=C(O)C=Cc1ccccc1,-2.4245,4 STAR
CC(=O)OCc1ccccc1,-1.685,4 STAR
C=CCc1ccc(OC)cc1,-2.92,4 STAR
C=CC(=O)OCC,-0.8240000000000001,4 STAR
CCOC(=O)CCCCC(=O)OCC,-1.68,4 STAR
C=CC(=O)OCCCC,-1.807,4 STAR
NCCO,1.214,4 STAR
COP(=O)(OC)OC(C)=CC(=O)N(C)C,0.625,4 STAR
O=C(O)CCI,-0.43,4 STAR
CCOC(C)=O,-0.042,4 STAR
CC(=O)C=C(C)C,-0.531,4 STAR
O=C(O)CC(=O)O,0.865,4 STAR
CCc1cccc(CC)c1,-3.748,4 STAR
CCOC(=O)CC(C)=O,-0.073,4 STAR
ClCCCCl,-1.614,4 STAR
C1=CCCC1,-2.105,4 STAR
CCCCCC(=O)O,-1.052,4 STAR
C1CCOCC1,-0.031,4 STAR
CCCCCCC,-4.468999999999999,4 STAR
CCCNCCC,-0.237,4 STAR
CCCCCCOC(C)=O,-2.451,4 STAR
CCCCOCCCC,-2.638,4 STAR
CCCCCCCCCCCC(=O)O,-3.5610000000000004,4 STAR
CCCCCCCCCO,-3.013,4 STAR
O=S1(=O)OC(c2ccc(O)cc2)(c2ccc(O)cc2)c2ccccc21,-2.6630000000000003,4 STAR
CC(=O)NS(=O)(=O)c1ccc(N)cc1,-1.234,4 STAR
Cc1nnc(NS(=O)(=O)c2ccc(N)cc2)s1,-2.411,4 STAR
CC(=O)C1CCC2C3CC=C4CC(O)CCC4(C)C3CCC12C,-4.652,4 STAR
O=C(O)C1CCCN1,0.14800000000000002,4 STAR
Cc1c(C(N)=O)cc([N+](=O)[O-])cc1[N+](=O)[O-],-2.352,4 STAR
Oc1cccc2cccnc12,-2.417,4 STAR
O=S(=O)(O)OCCOc1ccc(Cl)cc1Cl,-0.06,4 STAR
Sc1nc2ccccc2s1,-3.182,4 STAR
OCC(O)C(O)CO,0.6990000000000001,4 STAR
CCCCC(CC)C(=O)O,-1.858,4 STAR
O=C(O)c1cc(O)c(O)c(O)c1,-1.155,4 STAR
Nc1ccc(C(=O)O)cc1,-1.351,4 STAR
CN(C)C(=O)Nc1ccc(Cl)cc1,-2.9360000000000004,4 STAR
CCOc1ccc(NC(N)=O)cc1,-2.173,4 STAR
COc1ccc(O)cc1,-0.49200000000000005,4 STAR
FC(F)(F)C(Cl)Br,-1.704,4 STAR
O=NN(CCCl)C(=O)NCCCl,-1.7280000000000002,4 STAR
c1cc2ccc3ccc4ccc5cccc6c(c1)c2c3c4c56,-9.026,4 STAR
c1ccc2c(c1)c1cccc3ccc4cccc2c4c31,-7.843999999999999,4 STAR
c1cc2cccc3c4cccc5cccc(c(c1)c23)c54,-8.8,4 STAR
c1cc2c3c(c1)ccc1cccc(c13)C2,-5.2379999999999995,4 STAR
c1ccc2c3c(ccc2c1)-c1cccc2cccc-3c12,-8.004,4 STAR
c1ccc2c(c1)-c1cccc3c1c-2cc1ccccc13,-8.226,4 STAR
c1ccc2c(c1)-c1cccc3cccc-2c13,-5.891,4 STAR
c1ccc2cc3c(cc2c1)-c1cccc2cccc-3c12,-8.499,4 STAR
C1=Cc2cccc3cccc1c23,-3.9760000000000004,4 STAR
c1ccc2cc3c4ccccc4c4ccccc4c3cc2c1,-8.24,4 STAR
c1ccc2c(c1)c1ccccc1c1ccccc21,-6.745,4 STAR
c1ccc2c(c1)ccc1c3ccccc3ccc21,-8.057,4 STAR
c1ccc2c(c1)ccc1cc3ccc4ccccc4c3cc12,-8.432,4 STAR
c1ccc2c(c1)cnc1ccccc12,-2.7760000000000002,4 STAR
c1ccc2c(c1)Cc1c-2ccc2ccccc12,-6.678,4 STAR
c1ccc2c(c1)Cc1cc3ccccc3cc1-2,-8.033999999999999,4 STAR
c1ccc2cnncc2c1,-0.415,4 STAR
c1ccc2nc3ccccc3cc2c1,-3.6689999999999996,4 STAR
c1ccc2c(c1)Oc1ccccc1O2,-5.311,4 STAR
c1ccc2[nH]ncc2c1,-2.155,4 STAR
c1ccc2ocnc2c1,-1.155,4 STAR
C1CN2CCN1CC2,0.603,4 STAR
C1CCCC1,-2.653,4 STAR
c1ccnnc1,1.0959999999999999,4 STAR
c1cncnc1,1.0959999999999999,4 STAR
C1CCCCCC1,-3.515,4 STAR
C1CCCCCCC1,-4.152,4 STAR
CCOP(=S)(OCC)Oc1cnccn1,-2.338,4 STAR
COP(=S)(OC)Oc1ccc([N+](=O)[O-])cc1,-3.844,4 STAR
CCOP(=S)(OCC)SCSCC,-3.717,4 STAR
CCOP(=S)(OCC)OCCSCC,-3.634,4 STAR
CCOP(=S)(OCC)SCCSCC,-4.226,4 STAR
COc1c2occc2cc2ccc(=O)oc12,-3.657,4 STAR
CNC(C)C(O)c1ccccc1,-0.415,4 STAR
COP(=S)(OC)Oc1cc(Cl)c(Cl)cc1Cl,-5.507000000000001,4 STAR
COP(=S)(NC(C)C)Oc1ccc(Cl)cc1Cl,-4.798,4 STAR
CNP(=O)(OC)Oc1ccc(C(C)(C)C)cc1Cl,-3.1639999999999997,4 STAR
COP(=O)(OC)OC(Br)C(Cl)(Cl)Br,-2.28,4 STAR
CC(N)C(=O)O,0.27,4 STAR
O=C(O)c1c(O)cccc1O,-1.207,4 STAR
ClC1=C(Cl)C2(Cl)C3C4C=CC(C4)C3C1(Cl)C2(Cl)Cl,-7.332000000000001,4 STAR
CCOP(=O)(OCC)Oc1ccc([N+](=O)[O-])cc1,-2.059,4 STAR
CCC(C)n1c(=O)[nH]c(C)c(Br)c1=O,-2.506,4 STAR
CNC(=O)Oc1cc(C)c(N(C)C)c(C)c1,-3.347,4 STAR
Oc1ncnc2[nH]ncc12,-2.379,4 STAR
Fc1cc(F)c(F)cc1F,-2.376,4 STAR
CCOP(=S)(CC)Oc1cc(Cl)c(Cl)cc1Cl,-5.752000000000001,4 STAR
O=[N+]([O-])c1ccc([N+](=O)[O-])c(O)c1,-2.68,4 STAR
CN(C)C(=O)Nc1ccc(Cl)c(Cl)c1,-3.7439999999999998,4 STAR
CON(C)C(=O)Nc1ccc(Cl)c(Cl)c1,-3.5210000000000004,4 STAR
CCOP(=S)(OCC)Oc1cc(C)nc(C(C)C)n1,-3.8810000000000002,4 STAR
CCCCCCCCCC(=O)O,-3.445,4 STAR
CCCCNC(=O)NS(=O)(=O)c1ccc(N)cc1,-2.178,4 STAR
Fc1ccccc1CCl,-2.541,4 STAR
Fc1ccccc1Cl,-2.416,4 STAR
Fc1ccc(CCl)cc1,-2.544,4 STAR
Fc1ccc(I)cc1,-3.1260000000000003,4 STAR
CCSCC,-1.46,4 STAR
COc1cc2c(cc1OC)C13CCN4CC5=CCOC6CC(=O)N2C1C6C5CC43,-2.0909999999999997,4 STAR
CCN(CC)CCNC(=O)c1cc(Cl)c(N)cc1OC,-3.176,4 STAR
c1ccc(-c2ccccn2)nc1,-1.421,4 STAR
Fc1ccccc1F,-2.0,4 STAR
OCCF,1.193,4 STAR
Fc1cccc(F)c1,-2.0,4 STAR
O=[N+]([O-])c1cc(C(F)(F)F)ccc1O,-2.503,4 STAR
C=COCC(F)(F)F,-1.4780000000000002,4 STAR
CC(=O)C1(O)CCC2C3CC(C)C4=CC(=O)C=CC4(C)C3(F)C(O)CC21C,-4.099,4 STAR
CC(=O)C(C)=O,0.366,4 STAR
C#CC1(O)CCC2C3CCC4=CC(=O)CCC4(C)C3CCC21C,-5.6579999999999995,4 STAR
CC(CCC(=O)O)C1CCC2C3CCC4CC(O)CCC4(C)C3CCC12C,-6.0,4 STAR
CN1C(=O)CN=C(c2ccccc2)c2cc(Cl)ccc21,-3.755,4 STAR
CC(=O)NCc1c(I)c(NC(C)=O)c(I)c(C(=O)O)c1I,-2.3209999999999997,4 STAR
O=C(O)c1ccccc1F,-1.2890000000000001,4 STAR
O=[N+]([O-])c1ccc(F)cc1O,-2.05,4 STAR
CCOc1ccc2nc(S(N)(=O)=O)sc2c1,-3.81,4 STAR
O=C(O)c1cccc(F)c1,-1.97,4 STAR
O=C(O)c1ccc(F)cc1,-2.0669999999999997,4 STAR
Fc1cccc(CCl)c1,-2.544,4 STAR
CCCC1CCCCN1,-0.8490000000000001,4 STAR
N#CNC(=N)N,-0.309,4 STAR
O=C1CNC(=O)N1,-0.402,4 STAR
Cc1cc(N)nc(C)n1,-1.284,4 STAR
Fc1ccccc1,-1.795,4 STAR
CCOCOCC,-0.17300000000000001,4 STAR
CC(C)(C)C,-3.3369999999999997,4 STAR
CC(O)C(C)(C)C,-0.624,3 STAR
CC1(C)C2CCC1(C)C(O)C2,-2.319,4 STAR
CC1OC(OC2C=C3CCC4C(CCC5(C)C(c6ccc(=O)oc6)CCC45O)C3(C)CC2)C(O)C(O)C1O,-3.955,4 STAR
CC12CCC(CC1)C(C)(C)O2,-1.8869999999999998,4 STAR
CCOP(=O)(OCC)OC(=CCl)c1ccc(Cl)cc1Cl,-3.4619999999999997,4 STAR
Nc1ccc(S(=O)(=O)c2cnc(N)s2)cc1,-2.805,4 STAR
CC12CCC3C(=CCc4cc(O)ccc43)C1CCC2=O,-5.279,4 STAR
COc1cc(C2c3cc4c(cc3C(O)C3COC(=O)C23)OCO4)cc(OC)c1OC,-3.617,4 STAR
c1cc2c3c(c4ccc5ccccc5c4cc3c1)CC2,-7.861000000000001,4 STAR
Nc1cccc2cccc(N)c12,-2.27,4 STAR
O=c1c(O)c(-c2ccc(O)cc2O)oc2cc(O)cc(O)c12,-3.082,4 STAR
Cc1cc(C)c(C(=O)O)c(C)c1,-2.3569999999999998,4 STAR
CC1=C2C3OC(=O)C(C)C3CCC2(C)C=CC1=O,-3.09,4 STAR
O=C(O)c1ccccc1-c1ccccc1C(=O)O,-2.2840000000000003,4 STAR
COc1ccc2ccc(=O)oc2c1CC=C(C)C,-4.309,4 STAR
Oc1nc(O)c2nccnc2n1,-2.1180000000000003,4 STAR
OC1CC(O)C(O)C(O)C1O,-0.174,4 STAR
O=C(O)c1ccncc1C(=O)O,-1.854,4 STAR
O=C(O)c1cc(O)ccc1O,-1.489,4 STAR
C=C(C(=O)O)c1ccccc1,-2.057,4 STAR
c1cncc(C2CCCCN2)c1,0.79,4 STAR
O=C(O)CNC(=O)c1ccccc1,-1.679,4 STAR
O=C(NN=Cc1ccccc1O)c1ccncc1,-3.6830000000000003,4 STAR
c1ccc2c(c1)CCC2,-3.035,4 STAR
CC(CC(=O)O)C(=O)O,0.703,4 STAR
O=C(O)C=C(CC(=O)O)C(=O)O,0.45799999999999996,4 STAR
Cc1ccc(C(C)C)cc1O,-2.08,4 STAR
O=C(O)c1ccnc(C(=O)O)c1,-1.827,4 STAR
COP(=S)(OC)Oc1ccc([N+](=O)[O-])c(Cl)c1,-3.872,4 STAR
O=C(O)CCc1ccccc1,-1.406,4 STAR
O=C(CCCl)NCc1ccccc1,-3.2960000000000003,4 STAR
CCCCC(=O)CCCC,-2.593,4 STAR
O=S(=O)(O)CS(=O)(=O)O,0.754,4 STAR
CC(C)CC(=O)O,-0.4,4 STAR
O=C(O)CCCCCCC(=O)O,-1.169,4 STAR
O=C(O)CCCCCCCCCCCC(=O)O,-2.2119999999999997,4 STAR
ClCCSCCCl,-2.363,4 STAR
O=C(O)C=CC=CC(=O)O,-2.852,4 STAR
CC(C)(C)Br,-2.359,4 STAR
CC(C)(C)Cl,-1.507,4 STAR
CC(C)(C)CC(=O)OCC(=O)C1(O)CCC2C3CCC4=CC(=O)CCC4(C)C3C(O)CC21C,-5.511,4 STAR
CCC1(C2=CCCCCC2)C(=O)NC(=O)NC1=O,-3.0010000000000003,4 STAR
CCOC(=O)C(O)(c1ccc(Cl)cc1)c1ccc(Cl)cc1,-4.512,4 STAR
COP(=O)(OC)OC,0.5529999999999999,4 STAR
CC=C(C)C,-2.56,4 STAR
C=C(C)C(=C)C,-2.4,4 STAR
CC(O)C(C)O,1.045,4 STAR
Cc1csc(NS(=O)(=O)c2ccc(N)cc2)n1,-2.129,4 STAR
Cc1cc(NS(=O)(=O)c2ccc(N)cc2)nc(C)n1,-2.238,4 STAR
CC(C(=O)O)C(=O)O,0.76,4 STAR
CC12CCc3c(ccc4cc(O)ccc34)C1CCC2=O,-5.244,4 STAR
CC(=O)C1CCOC1=O,0.193,4 STAR
COc1cc(C2c3cc4c(c(O)c3CC3COC(=O)C32)OCO4)cc(OC)c1OC,-4.503,4 STAR
O=C(c1ccc(O)c(O)c1)c1c(O)cc(O)cc1O,-1.72,4 STAR
CC(=O)C1C(=O)C=C(C)OC1=O,-1.226,4 STAR
COc1ccn(C)c(=O)c1C#N,-1.784,4 STAR
Nc1ccc(S(=O)(=O)Nc2ccnn2-c2ccccc2)cc1,-2.3209999999999997,4 STAR
Cc1cccc(C)c1C,-3.2039999999999997,4 STAR
Cc1cccc(O)c1C,-1.4269999999999998,4 STAR
O=C(O)C(O)C(O)C(O)C(O)CO,0.207,4 STAR
Cc1cc(C)c(O)c(C)c1,-2.055,4 STAR
CC(=O)c1ccc(O)c(O)c1O,-2.022,4 STAR
O=[N+]([O-])c1ccccc1[N+](=O)[O-],-3.102,4 STAR
O=C(O)c1ccc(C(=O)O)c(C(=O)O)c1,-1.0,4 STAR
O=C(O)c1ccc([N+](=O)[O-])c([N+](=O)[O-])c1,-1.501,4 STAR
Oc1c2ccccc2cc2ccccc12,-4.7330000000000005,4 STAR
C=C(c1ccccc1)c1ccccc1,-4.436,4 STAR
O=C(O)c1ccccc1Nc1cccc(C(F)(F)F)c1,-3.3,4 STAR
COc1ccccc1OCC(O)COC(N)=O,-0.985,4 STAR
CC(=O)Nc1ccccc1Cl,-1.4,4 STAR
CCN(CC)C(=O)CC(C)C,-0.595,4 STAR
OC(CI)CI,-1.3969999999999998,4 STAR
Cc1ccco1,-1.4369999999999998,4 STAR
Cc1cc([N+](=O)[O-])cc([N+](=O)[O-])c1O,-3.0,4 STAR
CC(C)(C)c1nnc(NS(=O)(=O)c2ccc(N)cc2)s1,-3.74,4 STAR
O=C(O)c1cccc(Cl)c1,-2.541,4 STAR
Cc1cc(N(C)C)nc(Cl)n1,-1.261,4 STAR
CC(C)c1ccc(C(=O)O)cc1,-3.036,4 STAR
C#Cc1ccccc1,-2.35,4 STAR
CCc1ccncc1,0.8270000000000001,4 STAR
CCc1cccnc1,0.5379999999999999,4 STAR
CC(=O)Nc1cccc(C)c1,-2.0909999999999997,4 STAR
NC(=O)NCc1ccccc1,-0.946,4 STAR
CN(C)CCc1ccc(O)cc1,-1.3730000000000002,4 STAR
O=C(O)C=Cc1ccco1,-1.839,4 STAR
CCCCC(=O)OCC,-1.77,4 STAR
CCOC(=O)NCC(C)C,-0.768,4 STAR
CCCCCOC(=O)CCC,-2.467,4 STAR
Fc1ccc(F)cc1,-1.9709999999999999,4 STAR
OCCBr,0.903,4 STAR
CCCCl,-1.4609999999999999,4 STAR
ClC=CCl,-1.442,4 STAR
CC(C)CC(C)(C)C,-4.746,4 STAR
CC(=O)OC(C)(C)C,-1.1440000000000001,4 STAR
CCCC(Cl)Cl,-2.4,3 STAR
CCCC(N)=O,0.272,4 STAR
CC(N)CC(=O)O,0.987,4 STAR
Clc1cccc(Cl)c1,-3.07,4 STAR
CC(C)COC=O,-1.001,4 STAR
CCCCI,-2.96,3 STAR
ClC=CCCl,-2.045,4 STAR
CC(=O)NCC(=O)O,-0.649,4 STAR
CCCCCC(C)O,-1.551,4 STAR
CC(C)CCOCCC(C)C,-2.898,4 STAR
N#CCCCC#N,1.026,4 STAR
C1=CC=CCC=C1,-2.1719999999999997,4 STAR
CCCCCCCCCCCCCC(=O)O,-5.329,4 STAR
C=C1CCOC1=O,0.184,4 STAR
O=S(=O)(O)c1cc(I)c(O)c2ncccc12,-2.244,4 STAR
CCOC(=O)C(c1c(O)c2ccccc2oc1=O)c1c(O)c2ccccc2oc1=O,-3.426,4 STAR
Cc1ccc(C(C)C)c(O)c1C(=O)O,-3.2880000000000003,4 STAR
CN(C)c1ccc(C(=C2C=CC(=[N+](C)C)C=C2)c2ccc(N(C)C)cc2)cc1,-2.009,4 STAR
O=[N+]([O-])c1c(O)ccc2ccccc12,-2.9760000000000004,4 STAR
S=C=Nc1cccc2ccccc12,-4.602,4 STAR
NCCNc1cccc2ccccc12,-1.969,4 STAR
O=C(O)c1ccccc1[N+](=O)[O-],-1.328,4 STAR
CC(=O)Nc1ccccc1[N+](=O)[O-],-1.909,4 STAR
O=Cc1ccccc1[N+](=O)[O-],-1.814,4 STAR
c1cc(-c2ccncc2)ccn1,-1.538,4 STAR
CCCOc1ccc([N+](=O)[O-])cc1N,-3.159,4 STAR
Nc1ccc(Cl)cc1Cl,-2.417,4 STAR
Cc1cnc(=O)[nH]c1N,-0.56,4 STAR
CCC(=O)OC,-0.15,4 STAR
O=[N+]([O-])c1cccc(O)c1,-1.013,4 STAR
COc1cccc([N+](=O)[O-])c1,-2.4859999999999998,4 STAR
O=Cc1ccc([N+](=O)[O-])cc1,-1.81,4 STAR
CCCCN(C)C(=O)Nc1ccc(Cl)c(Cl)c1,-4.758,4 STAR
NCC(=O)NCC(=O)NCC(=O)O,-0.51,4 STAR
OCC1CO1,1.13,4 STAR
CN=C=S,-0.983,4 STAR
CCCOC,-0.386,4 STAR
C=CCOCC=C,-0.02,4 STAR
BrC(Br)(Br)Br,-3.14,4 STAR
CS(=O)(=O)F,-0.515,4 STAR
CC(=O)Oc1ccc2c3c1OC1C(OC(C)=O)C=CC4C(C2)N(C)CCC341,-2.7969999999999997,4 STAR
CCC(C)(C)CC,-4.229,4 STAR
CCOP(=S)(OCC)SCSP(=S)(OCC)OCC,-5.284,4 STAR
C=CC(C)C,-2.7319999999999998,4 STAR
C=C(C)CC,-2.7319999999999998,4 STAR
CC(=O)C(C)C,-0.151,4 STAR
CCC(C)C(C)(C)C,-4.678,4 STAR
CCC(C)C(C)C,-4.281000000000001,3 STAR
CCC(C)C(C)O,-0.722,3 STAR
CCC(C)C(C)=O,-0.6809999999999999,4 STAR
CCC(O)C(C)C,-0.706,4 STAR
CCC(=O)C(C)C,-0.81,4 STAR
CC(C)C(C)C(C)C,-4.696000000000001,4 STAR
CC(C)C(=O)C(C)C,-1.3019999999999998,4 STAR
COc1ccc2c(c1OC)C(=O)OC2,-1.89,4 STAR
O=C(O)c1nc[nH]c1C(=O)O,-2.494,4 STAR
Cc1ccc(C)c2ccccc12,-4.137,4 STAR
Cc1cccc2c(C)cccc12,-4.756,4 STAR
O=[N+]([O-])c1cccc([N+](=O)[O-])c1O,-1.55,4 STAR
Cc1cc(C)c2ccccc2c1,-4.291,4 STAR
O=C(O)COc1c(Cl)cc(Cl)cc1Cl,-3.013,4 STAR
Oc1cccc(Cl)c1Cl,-1.656,4 STAR
Cc1cccc(C)c1O,-1.305,4 STAR
CC(=O)N(C)c1ccccc1,-0.951,4 STAR
CCc1cccc(CC)c1N,-2.3480000000000003,4 STAR
COc1ccccc1C(=O)O,-1.483,4 STAR
Oc1ccc2ncccc2c1,-2.162,4 STAR
Cc1cc2ccccc2cc1C,-4.895,4 STAR
Cc1ccc2cc(C)ccc2c1,-4.893,4 STAR
Oc1ccc2cc(O)ccc2c1,-2.205,4 STAR
O=[N+]([O-])c1ccc2ccccc2c1,-4.273,4 STAR
Brc1ccccc1Br,-3.5,4 STAR
CC1CCCCC1C,-3.959333333333333,4 STAR
Cc1ccncc1C,0.359,4 STAR
Cc1cccnc1C,0.385,4 STAR
Oc1cc(Cl)ccc1Cl,-1.911,4 STAR
CCC(O)CC,-0.233,4 STAR
C=C(C)C(=O)OC(C)(C)C,-2.153,4 STAR
O=C(O)c1cccc(Br)c1,-2.699,4 STAR
O=[N+]([O-])c1cc(O)cc([N+](=O)[O-])c1,-1.663,4 STAR
O=C(O)c1ccc(Br)cc1,-3.525,4 STAR
COCc1ccc([N+](=O)[O-])o1,-1.155,4 STAR
CCCOC(=O)Cn1cc(I)c(=O)c(I)c1,-3.5039999999999996,4 STAR
O=C(O)COc1ccc(Cl)c(Cl)c1,-2.685,4 STAR
Cc1ccc(CO)cc1,-1.2,4 STAR
CCCC(C)CC,-4.306,4 STAR
CCC(C)CCO,-1.376,4 STAR
CCCC(=O)CC,-0.833,4 STAR
CCCC(O)CCC,-1.393,4 STAR
CCCCC(C)CC,-5.159,3 STAR
Brc1ccc(I)cc1,-4.452,4 STAR
CC1CCC(C)CC1,-4.466,4 STAR
CC1CCC(O)CC1,-0.882,4 STAR
Cc1ccc(C)nc1,0.401,4 STAR
CCCCOC(=O)CC,-1.9380000000000002,4 STAR
CCCC(C)(C)C,-4.357,4 STAR
CCCC(C)(C)O,-0.499,4 STAR
CC1=CCC(=O)O1,-0.293,4 STAR
Cc1cccc(Br)c1,-3.523,4 STAR
Oc1cccc(Br)c1,-0.8759999999999999,4 STAR
CC1CCCC(=O)C1,-1.874,3 STAR
Nc1cccc(O)c1,-0.607,4 STAR
Oc1cc(Cl)cc(Cl)c1,-1.5590000000000002,4 STAR
CC1=CCCCC1,-3.267,4 STAR
Ic1ccccc1,-2.778,4 STAR
CCCCC(C)C,-4.596,4 STAR
CCCCC(C)=O,-0.758,4 STAR
C=CCC=C,-2.0869999999999997,4 STAR
CC=CCCl,-1.9569999999999999,4 STAR
CCCCOC(N)=O,-0.657,4 STAR
C=CCCCC,-3.2260000000000004,4 STAR
C=CCCC=C,-2.687,4 STAR
C=CCCCCC,-3.7319999999999998,4 STAR
CC=CCCCC,-3.8160000000000003,4 STAR
CCCCOC=O,-1.131,4 STAR
C=CBr,-1.275,4 STAR
CC(C)C(C)(C)O,-0.41100000000000003,4 STAR
CC(C)(C)C(C)(C)O,-0.723,4 STAR
CC(=O)OC1(C(C)=O)CCC2C3C=C(C)C4=CC(=O)CCC4(C)C3CCC21C,-5.284,4 STAR
CCC(C)(O)C(C)C,-0.85,3 STAR
CC(C)(C(=O)O)C(=O)O,-0.16699999999999998,4 STAR
CCS(=O)(=O)CC,0.043,3 STAR
CCC(O)(CC)CC,-0.84,4 STAR
CCCC(C)(O)CC,-1.001,4 STAR
CNC(N)=O,1.13,4 STAR
COC(C)C,-0.057,4 STAR
COC(N)=O,0.9640000000000001,4 STAR
CC(C)C(C)O,-0.19699999999999998,3 STAR
Cc1cnc(NS(=O)(=O)c2ccc(N)cc2)nc1,-2.82,4 STAR
CCC(Cl)[N+](=O)[O-],-1.189,4 STAR
CC(C)C(O)C(C)C,-1.22,4 STAR
CCC(C(=O)O)C(=O)O,0.732,4 STAR
CC(C)N(N=O)C(C)C,-1.001,4 STAR
O=[N+]([O-])c1c(O)cccc1O,-2.073,4 STAR
O=[N+]([O-])c1c2ccccc2cc2ccccc12,-6.292000000000001,4 STAR
O=C(O)c1cccc([N+](=O)[O-])c1C(=O)O,-1.021,4 STAR
CC(C)OC(=O)c1ccccc1C(=O)OC(C)C,-2.877,4 STAR
Cc1c([N+](=O)[O-])cccc1[N+](=O)[O-],-3.0,4 STAR
COc1c([N+](=O)[O-])cc([N+](=O)[O-])cc1[N+](=O)[O-],-3.085,4 STAR
O=[N+]([O-])c1ccc2c(c1)Cc1ccccc1-2,-5.99,4 STAR
Clc1cc(Cl)c(Cl)c(Cl)c1Cl,-5.479,4 STAR
O=C(O)c1ccc(O)c(O)c1O,-2.231,4 STAR
O=C(O)c1ccc([N+](=O)[O-])cc1[N+](=O)[O-],-1.067,4 STAR
Cc1ccc([N+](=O)[O-])c([N+](=O)[O-])c1,-3.26,4 STAR
CCc1ccccc1C,-3.207,4 STAR
O=c1cc[nH]c2ccccc12,-1.4809999999999999,4 STAR
Cc1ccc2cc3ccccc3cc2c1,-6.956,4 STAR
Nc1ccc2cc3ccccc3cc2c1,-5.172000000000001,4 STAR
O=C(NC(=O)c1ccccc1)c1ccccc1,-2.273,4 STAR
O=C(O)COc1ccccc1Cl,-2.164,4 STAR
CC(=O)Nc1ccccc1O,-2.235,4 STAR
Cc1nc2ccccc2[nH]1,-1.96,4 STAR
CSc1nc2ccccc2s1,-3.161,4 STAR
Clc1ccccc1I,-3.532,4 STAR
Ic1ccccc1I,-4.217,4 STAR
Brc1ccc(Br)c(Br)c1,-4.498,4 STAR
Oc1ccc(Br)cc1Br,-2.123,4 STAR
Cn1ccc(=O)[nH]c1=O,-0.8,4 STAR
CCC(Cl)CC,-2.63,4 STAR
C=CC(O)CC,0.02,3 STAR
CCN(C)CC,0.713,4 STAR
Cc1ccsc1,-2.39,4 STAR
O=C1CCCN1,1.07,4 STAR
CCCC(O)C(C)C,-1.32,3 STAR
NCc1ccco1,1.013,4 STAR
O=C(O)c1cccc(I)c1,-3.2710000000000004,4 STAR
O=C(O)c1cc(O)cc(C(=O)O)c1,-2.4819999999999998,4 STAR
Cc1ccc(C(=O)O)cc1C,-3.0660000000000003,4 STAR
COC(=O)c1ccc(N)cc1,-1.597,4 STAR
CN(C)c1ccc(C(=O)O)cc1,-3.398,4 STAR
CCCN(CCC)N=O,-1.001,4 STAR
S=C=NCc1ccccc1,-3.136,4 STAR
CCc1ccc(C)cc1,-3.103,4 STAR
C=Cc1ccc(C)cc1,-3.123,4 STAR
O=Cc1ccc(C=O)cc1,-2.827,4 STAR
CCCC(O)CC,-0.8029999999999999,4 STAR
CCCC(=O)OC,-0.833,4 STAR
CCCCC(O)CCCC,-2.49,4 STAR
Ic1ccc(I)cc1,-5.372000000000001,4 STAR
COC(=O)C=CC(=O)OC,-0.256,4 STAR
ICCI,-3.216,4 STAR
CC(C)(C)CCO,-0.5,4 STAR
CC(C)CC(C)(C)O,-0.961,4 STAR
CCCCC(C)(C)O,-1.078,3 STAR
CCCCCC(C)(C)O,-1.72,4 STAR
CCCC(C)Cl,-2.63,3 STAR
COCC(C)C,-0.9,4 STAR
O=[N+]([O-])CCO,1.041,4 STAR
CCOC(C)C,-0.551,4 STAR
CC(C)OC=O,-0.629,4 STAR
Clc1cccc(I)c1,-3.532,4 STAR
Ic1cccc(I)c1,-4.518,4 STAR
O=c1cc(O)cc[nH]1,-1.25,4 STAR
Brc1cc(Br)cc(Br)c1,-5.6,4 STAR
Nc1cc(Cl)cc(Cl)c1,-2.315,4 STAR
CN1CCCCC1,0.226,4 STAR
CC(C)CCCO,-1.14,4 STAR
CCCCC(C)O,-0.873,3 STAR
CCCC[N+](=O)[O-],-1.351,4 STAR
CCCOC(C)C,-1.337,4 STAR
CCCOC(N)=O,-0.13,4 STAR
OCCCBr,0.009000000000000001,4 STAR
C#CCCC,-1.6369999999999998,4 STAR
OCCCCl,0.42200000000000004,4 STAR
CC(C)CCC(C)O,-1.38,3 STAR
CCCCOC,-0.99,4 STAR
CCCOCC,-0.845,4 STAR
C1=CCC=CC1,-2.059,4 STAR
CCCCCOC(C)=O,-1.8769999999999998,4 STAR
C#CCCCCC,-3.01,4 STAR
C1=CCCCCC1,-3.1630000000000003,4 STAR
O=[N+]([O-])OCCO[N+](=O)[O-],-1.35,4 STAR
CCCCCCCC(C)O,-2.7439999999999998,4 STAR
CCCCCCCBr,-4.431,4 STAR
C#CCCCCCC,-3.662,4 STAR
CCCCCCCCl,-3.9960000000000004,4 STAR
CCOCCOCC,-0.15,4 STAR
CCCCCCCCCCCCCC,-7.456,4 STAR
CCCCCCCCCCCCCCCO,-6.35,4 STAR
CN(C)C(=O)N(C)C,0.935,4 STAR
O=C(O)c1ccccc1S(=O)(=O)O,0.39299999999999996,4 STAR
Clc1ccc(Cl)c(Cl)c1Cl,-4.562,4 STAR
Clc1cc(Cl)c(Cl)c(Cl)c1,-4.627,4 STAR
Nc1c(Cl)cc(Cl)cc1Cl,-3.6910000000000003,4 STAR
Brc1cc(Br)c(Br)cc1Br,-6.992999999999999,4 STAR
CCC(=O)OC(C)C,-1.29,4 STAR
Clc1ccc(I)cc1,-4.0760000000000005,4 STAR
CCCCCCCCCCCCC(=O)O,-3.813,4 STAR
NC(=O)CF,1.113,4 STAR
Cc1ccc(-c2ccccc2)cc1,-4.618,4 STAR
CN(C)c1nc(N(C)C)nc(N(C)C)n1,-3.364,4 STAR
C1COCO1,1.13,4 STAR
COc1cnc(NS(=O)(=O)c2ccc(N)cc2)nc1,-2.5839999999999996,4 STAR
Cc1ccc(S(=O)(=O)NC(=O)NC2CCCCC2)cc1,-4.207,4 STAR
CN(C)P(=O)(N(C)C)N(C)C,0.747,4 STAR
CN(N=O)C(N)=O,-0.855,4 STAR
C#CC=C,-1.464,4 STAR
C=CCC(C)C,-3.2439999999999998,4 STAR
C#CCCCC,-2.2769999999999997,3 STAR
O=C(O)CCCCCCCCCCC(=O)O,-3.76,4 STAR
CCCCCCCCC(C)=O,-3.3089999999999997,4 STAR
Clc1ccccc1Br,-3.2030000000000003,3 STAR
Cn1ccccc1=O,0.9620000000000001,4 STAR
Cc1cc(C)c(C)c(C)c1C,-3.9810000000000003,4 STAR
CCC(=O)Nc1ccc(Cl)c(Cl)c1,-2.986,4 STAR
Cc1cc(NS(=O)(=O)c2ccc(N)cc2)no1,-2.6180000000000003,4 STAR
O=C(O)c1c2ccccc2cc2ccccc12,-3.417,4 STAR
Cc1nc(NS(=O)(=O)c2ccc(N)cc2)oc1C,-2.202,4 STAR
COP(=S)(OC)SCN1C(=O)c2ccccc2C1=O,-4.114,4 STAR
COc1cc(Cc2cnc(N)nc2N)cc(OC)c1OC,-2.861,4 STAR
COP(C)(=O)OC,0.9059999999999999,4 STAR
CCN(N=O)C(N)=O,-0.955,4 STAR
CCCN(CCC)C(=O)SCC,-2.7030000000000003,4 STAR
C=C(C)CCC,-3.033,4 STAR
Cc1c2ccccc2cc2ccccc12,-5.867000000000001,4 STAR
Cc1c2ccccc2c(C)c2ccccc12,-6.566,4 STAR
CCOP(=S)(OCC)SCSc1ccc(Cl)cc1,-5.736000000000001,4 STAR
Clc1ccc(C(c2ccccc2Cl)C(Cl)(Cl)Cl)cc1,-6.62,4 STAR
CCOC(=O)CCCC(=O)OCC,-1.33,4 STAR
C=CC(=O)OCCO,0.935,4 STAR
C=CCCCO,-0.179,4 STAR
CCCCCCCC(C)=O,-2.5839999999999996,4 STAR
Cc1ccc2cc(C)c(C)cc2c1,-5.001,4 STAR
COc1ccc(C=CC(=O)O)cc1,-2.398,4 STAR
Cc1cccc2c1ccc1ccccc12,-5.854,4 STAR
CCNc1nc(NC(C)C)nc(SC)n1,-3.037,4 STAR
COCCCNc1nc(NC(C)C)nc(SC)n1,-2.928,4 STAR
O=C1Nc2ccc(Cl)cc2C(c2ccccc2Cl)=NC1O,-3.6039999999999996,4 STAR
C=C(C)C(=O)OCCO,-0.114,4 STAR
CN1CCCC1=O,1.004,4 STAR
CCc1cccs1,-2.585,3 STAR
O=[N+]([O-])c1cc(Cl)c(Cl)c(Cl)c1Cl,-4.553,4 STAR
O=[N+]([O-])c1cc(-c2ccccc2)ccc1O,-4.41,4 STAR
CCNc1nc(NC(C)(C)C)nc(SC)n1,-3.985,4 STAR
CCCCN(CCCC)N=O,-2.096,4 STAR
CC(=O)OCCBr,-0.674,3 STAR
CCC#CCC,-2.167,4 STAR
O=NN1CCCC1,0.9990000000000001,4 STAR
O=NN1CCCCCC1,-1.001,4 STAR
Oc1c(Cl)ccc(Cl)c1Cl,-2.642,4 STAR
CN(Cc1ccccc1)N=O,-1.5219999999999998,4 STAR
CCc1ccc2ccccc2c1,-4.29,4 STAR
CCOP(=S)(CC)Sc1ccccc1,-4.159,4 STAR
COc1nn(CSP(=S)(OC)OC)c(=O)s1,-3.2089999999999996,4 STAR
O=C(NCN1CCOCC1)c1cnccn1,0.17600000000000002,4 STAR
COP(=S)(OC)SCSc1ccc(Cl)cc1,-5.294,4 STAR
CN(C)C(=O)C(c1ccccc1)c1ccccc1,-2.964,4 STAR
O=S1OCC2C(CO1)C1(Cl)C(Cl)=C(Cl)C2(Cl)C1(Cl)Cl,-5.902,4 STAR
COP(=O)(OC)OC(=CCl)c1cc(Cl)c(Cl)cc1Cl,-4.522,4 STAR
O=[N+]([O-])c1ccc(Nc2ccccc2)c([N+](=O)[O-])c1,-3.8339999999999996,4 STAR
CCOc1ccc(NS(=O)(=O)c2ccc(N)cc2)nn1,-2.427,4 STAR
C=CC(=O)OCC(C)O,0.8859999999999999,4 STAR
C[N+](C)(C)CCCl,0.799,4 STAR
CNc1nc(NC(C)C)nc(SC)n1,-2.5660000000000003,4 STAR
ClC1=C(Cl)C2(Cl)C3C4OC4C(Cl)C3C1(Cl)C2(Cl)Cl,-6.289,4 STAR
Fc1ccccc1Br,-2.695,4 STAR
Fc1cccc(Br)c1,-2.6660000000000004,4 STAR
CCCCCCc1ccccc1,-5.255,4 STAR
CCCCCCOC(=O)c1ccc(O)cc1,-3.949,4 STAR
CCCCCCCOC(=O)c1ccc(O)cc1,-4.072,4 STAR
CC(C)(C)C(=O)OCC(=O)C1(O)CCC2C3CCC4=CC(=O)C=CC4(C)C3C(O)CC21C,-4.583,4 STAR
CC#CCCCC,-2.7710000000000004,4 STAR
Oc1ccc2c(c1)CCCC2,-1.995,3 STAR
CCc1cccc2ccccc12,-4.164,3 STAR
CN=C(O)Oc1cccc(C)c1,-1.8030000000000002,4 STAR
Cc1ccc(S(=O)(=O)NC(=O)NN2CCCCCC2)cc1,-3.678,4 STAR
CC(=O)OCC(=O)C1(O)C(C)CC2C3CCC4=CC(=O)C=CC4(C)C3(F)C(O)CC21C,-4.9,4 STAR
CCC(C)(C)CO,-1.129,4 STAR
N#Cc1c(Cl)cccc1Cl,-3.98,4 STAR
NCC1CCC(C(=O)O)CC1,0.026000000000000002,4 STAR
Cc1cc(C)c2ccccc2n1,-1.944,4 STAR
CC(C)OP(C)(=O)OC(C)C,-0.052000000000000005,4 STAR
CCCCCCCCCCCCCCCCCO,-7.506,4 STAR
CC1CN(N=O)CC(C)O1,-0.065,4 STAR
C1OC1C1CO1,1.065,4 STAR
CC(=O)Oc1ccc(Br)cc1C(=O)O,-2.589,4 STAR
CNC(=O)Oc1cccc2c1OC(C)(C)C2,-2.84,4 STAR
COc1ccc(NC(N)=O)cc1,-1.5919999999999999,4 STAR
COc1ccc(O)c([N+](=O)[O-])c1,-2.839,4 STAR
Cc1cc(Cl)ccc1O,-1.5519999999999998,4 STAR
CCCN(CCC)c1c([N+](=O)[O-])cc(C(F)(F)F)cc1[N+](=O)[O-],-6.047999999999999,4 STAR
CN(C)NC(=O)CCC(=O)O,-0.205,4 STAR
COc1nc(NC(C)C)nc(NC(C)C)n1,-2.478,4 STAR
COC(C)(C)C,-0.23800000000000002,4 STAR
CNC(=O)ON=CC(C)(C)S(C)(=O)=O,-1.347,4 STAR
CCCCCCCCCC(C)O,-2.94,4 STAR
Cc1cnc2c(ccc3c(C)c(C)cnc32)c1C,-5.195,4 STAR
CN(C)CCC=C1c2ccccc2COc2ccccc21,-3.947,4 STAR
CCC1CCCCC1,-4.251,4 STAR
Oc1ccc(N=Nc2ccccc2)cc1,-3.343,4 STAR
N#Cc1cc(Br)c(O)c(Br)c1,-3.3280000000000003,4 STAR
Nc1cnn(-c2ccccc2)c(=O)c1Cl,-2.7439999999999998,4 STAR
O=C(O)c1nc(Cl)ccc1Cl,-2.283,4 STAR
Cc1cc2c3ccccc3ccc2c2ccccc12,-6.571000000000001,4 STAR
Cc1cccc2c1Cc1ccccc1-2,-5.218,4 STAR
CCCCCCCCC(=O)OC,-3.8760000000000003,4 STAR
c1cc2c3c(ccc4c3c1CCC4)CCC2,-5.959,4 STAR
Clc1cc2c(cc1Cl)Oc1cc(Cl)c(Cl)cc1O2,-9.207,4 STAR
CON(C)C(=O)Nc1ccc(Cl)cc1,-2.363,4 STAR
Clc1cccc2c(Cl)cccc12,-5.716,4 STAR
Clc1ccc(Cl)c2ccccc12,-5.803,4 STAR
CCN(CC)C(=O)CSc1ccc(Cl)nn1,-1.716,4 STAR
O=[N+]([O-])c1ccc(Oc2ccc(Cl)cc2Cl)cc1,-5.452999999999999,4 STAR
O=[N+]([O-])c1ccc(Oc2c(Cl)cc(Cl)cc2Cl)cc1,-5.62,4 STAR
COC(=O)c1c(Cl)c(Cl)c(C(=O)OC)c(Cl)c1Cl,-5.822,4 STAR
CCCCN(CC)c1c([N+](=O)[O-])cc(C(F)(F)F)cc1[N+](=O)[O-],-6.525,4 STAR
Nc1ncnc2c1ncn2C1(CO)OC(CO)C(O)C1O,-1.57,4 STAR
N#Cc1c(Cl)c(Cl)c(Cl)c(C#N)c1Cl,-5.647,4 STAR
Cc1cccc(S(N)(=O)=O)c1,-1.341,4 STAR
CCNc1nc(Cl)nc(NC(C)C)n1,-3.887,4 STAR
CCN(CC)c1nc(Cl)nc(NC(C)C)n1,-3.785,4 STAR
CCNc1nc(Cl)nc(N(CC)CC)n1,-4.06,4 STAR
COc1c(Cl)ccc(Cl)c1C(=O)O,-1.6909999999999998,4 STAR
Nc1c(Cl)c(Cl)nc(C(=O)O)c1Cl,-2.7489999999999997,4 STAR
NC(=S)c1c(Cl)cccc1Cl,-2.336,4 STAR
CC(C)N(C(=O)CCl)c1ccccc1,-2.481,4 STAR
Clc1cccc(C(Cl)(Cl)Cl)n1,-3.761,4 STAR
C#CC(C)OC(=O)Nc1cccc(Cl)c1,-2.617,4 STAR
CN(C)C(=O)Nc1ccc(Oc2ccc(Cl)cc2)cc1,-4.895,4 STAR
CC1CCCCC1NC(=O)Nc1ccccc1,-4.111000000000001,4 STAR
NC(=O)c1c(Cl)cccc1Cl,-1.8430000000000002,4 STAR
Nc1nc(=O)[nH]cc1F,-0.935,4 STAR
CC(C)c1ccc2ccccc2c1,-5.297999999999999,4 STAR
CNC(=O)Oc1ccc(N(C)C)c(C)c1,-2.3569999999999998,4 STAR
CNC(=O)Oc1cc(C)c(SC)c(C)c1,-4.353,4 STAR
CCC(C)(C)c1ccccc1,-4.15,4 STAR
CCOC(=O)CCCCCC(=O)OCC,-2.013,4 STAR
CCOC(=O)CCCCCCC(=O)OCC,-2.53,4 STAR
Clc1cccc(-c2cccc(Cl)c2)c1,-5.797999999999999,4 STAR
Clc1ccc(-c2ccc(Cl)cc2)cc1,-6.556,4 STAR
Clc1cccc2cccc(Cl)c12,-5.796,4 STAR
Clc1cc2ccccc2cc1Cl,-6.357,4 STAR
Clc1c(Cl)c(Cl)c(-c2c(Cl)c(Cl)c(Cl)c(Cl)c2Cl)c(Cl)c1Cl,-10.827,4 STAR
Clc1ccccc1-c1ccccc1,-4.592,4 STAR
Clc1cccc(-c2ccccc2)c1,-4.716,4 STAR
Clc1ccc(-c2ccccc2)cc1,-5.149,4 STAR
CCOP(=S)(Oc1ccc([N+](=O)[O-])cc1)c1ccccc1,-5.0169999999999995,4 STAR
COP(=S)(OC)Oc1cc(Cl)c(Br)cc1Cl,-6.086,4 STAR
Cc1ccc(C)c2c(C)cccc12,-4.909,4 STAR
S=C=Nc1cccc(Br)c1,-4.085,4 STAR
Clc1cc(Cl)c(Cl)c(-c2c(Cl)c(Cl)cc(Cl)c2Cl)c1Cl,-9.466000000000001,4 STAR
CCCCC(=O)OC1(C(=O)CO)C(C)CC2C3CCC4=CC(=O)C=CC4(C)C3(F)C(O)CC21C,-4.71,4 STAR
CN(C)C(=O)Nc1cccc(C(F)(F)F)c1,-3.4360000000000004,4 STAR
CCCCCCCCc1ccccc1,-6.46,4 STAR
Clc1ccc2ccc(Cl)cc2c1,-5.922000000000001,4 STAR
CCSC(=O)N1CCCCCC1,-2.286,4 STAR
CCCC1(CCC)C(=O)NC(=O)NC1=O,-2.549,4 STAR
Clc1c(Cl)c(Cl)c2c(Cl)c(Cl)c(Cl)c(Cl)c2c1Cl,-9.703,4 STAR
CCC(N)Cc1c[nH]c2ccccc12,-2.5669999999999997,4 STAR
CCCCCCCCC#N,-3.299,4 STAR
Nc1cccc2c(N)cccc12,-2.6189999999999998,4 STAR
CCOP(=S)(OCC)SCC(=O)NC(C)C,-2.057,4 STAR
Cc1cccc(Oc2ccc([N+](=O)[O-])cc2)c1,-4.6610000000000005,4 STAR
CCCC(C)C(=O)Nc1ccc(C)c(Cl)c1,-4.45,4 STAR
CCOP(=S)(OCC)SCn1c(=O)oc2cc(Cl)ccc21,-5.233,4 STAR
C#CCOS(=O)OC1CCCCC1Oc1ccc(C(C)(C)C)cc1,-5.846,4 STAR
CCCCOC(=O)C1(O)c2ccccc2-c2ccccc21,-3.888,4 STAR
CC12CCC3C(CCC4CC5SC5CC43C)C1CCC2O,-5.407,4 STAR
Fc1cc(F)c(F)c(F)c1,-2.306,4 STAR
CCCC(C)(C)CO,-1.52,4 STAR
Cc1ccc2cc3c(ccc4ccccc43)cc2c1,-6.816,4 STAR
C#CCCCC#C,-1.7469999999999999,4 STAR
C#CCCCCCC#C,-2.983,4 STAR
Cc1ccc(C)c(O)c1C,-1.936,4 STAR
CNC(=O)Oc1ccc(C)c(C)c1,-2.1390000000000002,4 STAR
CCCCOCC1CO1,-0.8140000000000001,4 STAR
CC(C)CCCCCCO,-2.487,4 STAR
Clc1ccc(-c2ccc(Cl)cc2Cl)c(Cl)c1,-6.732,4 STAR
COP(=S)(OC)Oc1ccc([N+](=O)[O-])cc1Cl,-4.306,4 STAR
O=C(O)C1(O)c2ccccc2-c2ccc(Cl)cc21,-4.1610000000000005,4 STAR
CC(=O)Oc1c(C(C)(C)C)cc([N+](=O)[O-])c(C)c1[N+](=O)[O-],-4.4719999999999995,4 STAR
CCOP(=S)(OCC)SCCS(=O)(=O)CC,-2.54,4 STAR
CCOP(=S)(OCC)SCC[S+]([O-])CC,-1.861,4 STAR
Cc1cccc2ccc3cc4ccccc4cc3c12,-6.644,4 STAR
O=C(O)c1cc(Cl)ccc1[N+](=O)[O-],-1.319,4 STAR
CCCCOP(=O)(OCCCC)Oc1ccccc1,-3.475,4 STAR
Cc1ccc2c(ccc3ccccc32)c1,-5.837000000000001,4 STAR
Cc1c2ccccc2cc2c1ccc1ccccc12,-7.343,4 STAR
Cc1cc(O)ccc1[N+](=O)[O-],-2.11,4 STAR
CCOP(=O)(OCC)SC[S+]([O-])CC,-1.5119999999999998,4 STAR
CCOC(=O)C(SP(=S)(OC)OC)c1ccccc1,-3.205,4 STAR
CC(=O)Nc1ccc(OC(C)=O)cc1,-1.9080000000000001,4 STAR
CNC(=O)Oc1cc(C)cc(C(C)C)c1,-3.3569999999999998,4 STAR
CNC(=O)Oc1ccccc1C(C)C,-2.6839999999999997,4 STAR
COP(=S)(OC)Oc1ccc(C#N)cc1,-3.7230000000000003,4 STAR
CCOP(=S)(OCC)SCn1nnc2ccccc2c1=O,-4.5169999999999995,4 STAR
Nc1cc2c3ccccc3ccc2c2ccccc12,-6.196000000000001,4 STAR
CNC(=O)Oc1cc(C)cc(C)c1,-2.5810000000000004,4 STAR
COc1cc(Cl)c(OC)cc1Cl,-4.413,4 STAR
CCCCCCCCCCCCN1CCCC1=O,-4.67,4 STAR
COc1coc(CSP(=O)(OC)OC)cc1=O,0.528,4 STAR
CC1CNC(C)CN1,0.486,3 STAR
CC(=O)Nc1ccc(N=Nc2cc(C)ccc2O)cc1,-5.358,4 STAR
O=C(O)CCCCCCCCCCBr,-3.699,4 STAR
COc1cc(N)c2c(c1N)C(=O)c1ccccc1C2=O,-5.746,4 STAR
CCN(CCO)c1ccc(N=Nc2ccc([N+](=O)[O-])cc2)cc1,-6.292999999999999,4 STAR
CCOP(=S)(OCC)Oc1nc(Cl)c(Cl)cc1Cl,-5.496,4 STAR
Clc1ccc(-c2ccccc2)cc1Cl,-6.39,4 STAR
O=C(O)COc1cccc(Cl)c1Cl,-2.8089999999999997,4 STAR
O=Cc1ccc(O)c([N+](=O)[O-])c1,-2.949,4 STAR
CON(C)C(=O)Nc1ccc(Br)cc1,-2.895,4 STAR
C=CCCCC=C,-3.34,4 STAR
CC1CCCC(C)(C)C1,-4.853,4 STAR
Cc1ccc(N(CCO)CCO)cc1,-0.91,4 STAR
CC(C)(C)CCCO,-1.551,4 STAR
O=C(c1ccccc1O)N1CCOCC1,-1.704,4 STAR
Clc1c(Cl)c(Cl)c2c(c1Cl)Oc1c(Cl)c(Cl)c(Cl)c(Cl)c1O2,-12.06,4 STAR
OCC(CO)(CBr)CBr,-0.838,4 STAR
COC(=O)NS(=O)(=O)c1ccc(N)cc1,-1.663,4 STAR
Oc1cc(Cl)ccc1Oc1ccc(Cl)cc1Cl,-4.462,4 STAR
COP(=S)(OC)Oc1ccc(Sc2ccc(OP(=S)(OC)OC)cc2)cc1,-6.237,4 STAR
C#CCCCCCCC,-4.093999999999999,4 STAR
Clc1c(Cl)c(Cl)c2nccnc2c1Cl,-5.428,4 STAR
CC(C)CCC(C)(C)C,-5.047,4 STAR
CNC(=O)Oc1ccc(SC)c(C)c1,-3.9730000000000003,4 STAR
O=C(C(Cl)Cl)N(CCO)Cc1ccc(Oc2ccc([N+](=O)[O-])cc2)cc1,-5.124,4 STAR
Cc1cc2ccccc2c2ccc3ccccc3c12,-6.5920000000000005,4 STAR
Cc1c(C)c2c3ccccc3ccc2c2ccccc12,-7.011,4 STAR
CC=CC(=O)O,0.0,4 STAR
CCOP(=O)(OCC)SCC(=O)NC(C)(C)C#N,-0.624,4 STAR
C#CC(C)N(C)C(=O)Nc1ccc(Cl)cc1,-3.897,4 STAR
CCC(C)c1ccccc1OC(=O)NC,-2.497,4 STAR
Cc1cc(N(CCO)CCO)ccc1N=Nc1ccc([N+](=O)[O-])cc1Cl,-6.57,4 STAR
COc1cc(NS(=O)(=O)c2ccc(N)cc2)nc(C)n1,-2.543,4 STAR
COP1(=S)OCc2ccccc2O1,-3.571,4 STAR
CCC(O)C(C)(C)C,-1.151,4 STAR
O=C(O)COc1c(Cl)ccc(Cl)c1Cl,-2.62,4 STAR
COc1cc(O)c(C(=O)c2ccccc2)cc1S(=O)(=O)O,-0.091,4 STAR
CCSc1nc(NC(C)C)nc(NC(C)C)n1,-4.203,4 STAR
CCCCCCCI,-4.81,4 STAR
CC1CCC(C)(C)C1,-4.478,3 STAR
CCCCN(CC)N=O,-1.035,4 STAR
CC12CCC(C1)C(C)(C)C2=O,-1.85,4 STAR
CCCN(CCC)c1c([N+](=O)[O-])cc(S(C)(=O)=O)cc1[N+](=O)[O-],-5.76,4 STAR
O=C(O)c1cccc(Cl)c1[N+](=O)[O-],-2.6319999999999997,4 STAR
OCc1cccc2ccccc12,-1.744,4 STAR
CC=CC#N,-0.429,4 STAR
C=CC(O)CCC,-0.599,4 STAR
CCOP(=S)(OCC)Oc1cc(Cl)c(Br)cc1Cl,-5.952000000000001,4 STAR
Cc1cccc(O)c1[N+](=O)[O-],-1.641,4 STAR
CC(=O)Nc1ccc(OC(=O)c2ccccc2OC(C)=O)cc1,-4.195,4 STAR
CC(C(=O)O)c1ccc(-c2ccccc2)c(F)c1,-4.485,4 STAR
O=[N+]([O-])c1cc(S(=O)(=O)Nc2ccccc2)ccc1Nc1ccccc1,-6.269,4 STAR
CCOP(=S)(OCC)N1C(=O)c2ccccc2C1=O,-3.352,4 STAR
C=CCCBr,-2.247,4 STAR
CCCCc1c(C)nc(N(C)C)nc1O,-2.242,4 STAR
CC1=C(C(=O)Nc2ccccc2)SCCO1,-3.141,4 STAR
CC1=C(C(=O)Nc2ccccc2)S(=O)(=O)CCO1,-2.427,4 STAR
CC(C)=CCCC(C)=CC=O,-2.055,4 STAR
CCCCC(C)(O)CC,-1.6,3 STAR
COP(=S)(OC)Oc1nc(Cl)c(Cl)cc1Cl,-4.831,4 STAR
CCOC1CC1,-0.6409999999999999,4 STAR
CC[S+]([O-])CSP(=S)(OC(C)C)OC(C)C,-2.307,4 STAR
CC(C)OC(=O)C(O)(c1ccc(Cl)cc1)c1ccc(Cl)cc1,-4.53,4 STAR
O=c1oc2ccccc2c(O)c1C1CCCc2ccccc21,-4.864,4 STAR
Cc1[nH]c(=O)n(C(C)(C)C)c(=O)c1Cl,-2.485,4 STAR
CCNc1nc(Cl)nc(NC(C)(C)C)n1,-4.402,4 STAR
CCCC(C)O,-0.29600000000000004,4 STAR
Cc1cc(Cl)ccc1N=CN(C)C,-2.862,4 STAR
CC(C)Nc1nc(N)nc(Cl)n1,-2.7060000000000004,4 STAR
CC(Cl)=CC(=O)O,-0.605,4 STAR
O=NCc1ccc([N+](=O)[O-])o1,-2.193,4 STAR
CNCC(O)C(O)C(O)C(O)CO,0.7090000000000001,4 STAR
CCNc1nc(Cl)nc(NCC(=O)OCC)n1,-2.937,4 STAR
N#CCCN(CCO)c1ccc(N=Nc2ccc([N+](=O)[O-])cc2Cl)cc1,-6.13,4 STAR
CCC(C)OC,-0.73,3 STAR
O=C(O)CC(O)C(=O)O,0.873,4 STAR
CNC(=O)C=C(C)OP(=O)(OC)OC,0.6509999999999999,4 STAR
CNC(=O)Oc1ccccc1C1OCCO1,-1.571,4 STAR
Clc1ccc(Oc2ccccc2)cc1,-4.793,4 STAR
Clc1ccc(-c2ccc(Cl)cc2Cl)cc1,-5.979,4 STAR
CCCCN(C)N=O,-0.7,4 STAR
Cc1cc(O)c([N+](=O)[O-])cc1Cl,-4.39,4 STAR
COC(=O)c1cc(Cl)cc(N)c1Cl,-3.263,4 STAR
CSc1nc(NC(C)C)nc(NC(C)C)n1,-3.864,4 STAR
CCCC(C)(C)C(=O)Nc1ccc(Cl)cc1,-4.022,4 STAR
CCCOP(=O)(OCCC)Oc1ccc(SC)cc1,-3.386,4 STAR
CC(Cl)C(C)Cl,-2.354,4 STAR
CC(C)=CC1C(C(=O)OCN2C(=O)C3=C(CCCC3)C2=O)C1(C)C,-4.8580000000000005,4 STAR
COP(=O)(OC)OC(C)=CC(=O)OC(C)c1ccccc1,-2.497,4 STAR
O=C1c2ccccc2C(=O)C1c1ccc2ccccc2n1,-6.209,4 STAR
Cc1cc(=O)[nH]o1,-0.067,4 STAR
COP(N)(=O)SC,0.85,4 STAR
CCOP(=S)(OCC)SC(CCl)N1C(=O)c2ccccc2C1=O,-6.34,4 STAR
Nc1cc([N+](=O)[O-])ccc1Br,-3.5580000000000003,4 STAR
CCOP(=S)(OCC)SC[S+]([O-])C(C)(C)C,-2.4419999999999997,4 STAR
CCN(C)N=O,0.532,4 STAR
COC(=O)Nc1nc2ccccc2[nH]1,-3.8339999999999996,4 STAR
COc1ccc(C(O)(c2cncnc2)C2CC2)cc1,-2.596,4 STAR
Clc1ccccc1-c1ccccc1Cl,-5.081,4 STAR
CCOP(=S)(Oc1ccc(C#N)cc1)c1ccccc1,-5.704,4 STAR
CCOP(=S)(OCC)SCSC(C)(C)C,-4.755,4 STAR
CCCSP(=O)(OCC)SCCC,-2.509,4 STAR
CON(C)C(=O)Nc1ccc(Br)c(Cl)c1,-3.924,4 STAR
CC1(C)Cc2cccc([N+](=O)[O-])c2O1,-3.207,4 STAR
CC1CCOC1,0.09,3 STAR
CCOP(=S)(OCC)Oc1cnc2ccccc2n1,-4.132,4 STAR
O=P(OC(CCl)CCl)(OC(CCl)CCl)OC(CCl)CCl,-4.789,4 STAR
CCOC(=O)Nc1cccc(OC(=O)Nc2ccccc2)c1,-4.632,4 STAR
COC(=O)Nc1cccc(OC(=O)Nc2cccc(C)c2)c1,-4.779,4 STAR
CC(=O)OC1(C(C)=O)CCC2C3C=C(Cl)C4=CC(=O)C=CC4(C)C3CCC21C,-4.945,4 STAR
FC(F)OC(F)(F)C(F)Cl,-1.516,4 STAR
CCC(C)N,0.185,4 STAR
CN1c2ccccc2Sc2ccc(CC(=O)O)cc21,-3.9419999999999997,4 STAR
CC1CCC(C(C)C)C(=O)C1,-2.492,4 STAR
c1ccc2c(c1)OCCOCCOc1ccccc1OCCOCCO2,-4.6930000000000005,4 STAR
CCCC(CC)(CC)CO,-2.419,4 STAR
COc1ccc(Oc2ccc(NC(=O)N(C)C)cc2)cc1,-4.156000000000001,4 STAR
CCOP(=S)(OCC)Oc1ccc(S(C)(=O)=O)cc1,-2.638,4 STAR
Cc1cccc(C)c1NC(=O)c1cc(S(N)(=O)=O)c(Cl)cc1O,-3.787,4 STAR
CN1CCC23c4c5ccc(OCc6ccccc6)c4OC2C(O)C=CC3C1C5,-2.9730000000000003,4 STAR
CCCCCCCOC(=O)c1ccc(N)cc1,-4.6,4 STAR
CCCCCCCCOC(=O)c1ccc(N)cc1,-5.4,4 STAR
COC(=O)C(Cl)Cc1ccc(Cl)cc1,-3.765,4 STAR
Cc1ccccc1Oc1cccnn1,-1.969,4 STAR
CCOP(=S)(OCC)ON=C(C#N)c1ccccc1,-4.63,4 STAR
OCc1c(Cl)cccc1Cl,-2.102,4 STAR
CCN(CC)C(=O)C(C)Oc1cccc2ccccc12,-3.57,4 STAR
O=C(Nc1ccccc1)c1ccccc1I,-4.208,4 STAR
O=[N+]([O-])c1ccc(Oc2ccc(C(F)(F)F)cc2[N+](=O)[O-])cc1,-5.215,4 STAR
Cc1ccc(NC(=O)N(C)C)cc1Cl,-3.483,4 STAR
Clc1cc(Cl)c(-c2ccccc2)cc1Cl,-6.199,4 STAR
CCCCC(C)(C)CCC,-4.811,4 STAR
OCC(O)C1OC2OC(C(Cl)(Cl)Cl)OC2C1O,-1.8430000000000002,4 STAR
Clc1cccc(Cl)c1-c1c(Cl)cccc1Cl,-7.39,4 STAR
CCc1cccc(CC)c1N(COC)C(=O)CCl,-3.051,4 STAR
O=C(O)CC(Cl)C(=O)O,0.077,4 STAR
CCNC(=O)C(C)OC(=O)Nc1ccccc1,-1.829,4 STAR
Clc1cccc(-c2ccccc2)c1Cl,-5.35,4 STAR
Clc1ccc(-c2cc(Cl)ccc2Cl)cc1,-6.256,4 STAR
CNC(=O)ON=C(C)SC,-0.447,4 STAR
CCOP(=O)(Sc1ccccc1)Sc1ccccc1,-3.3310000000000004,4 STAR
CC(C)OC(C)(C)C,-2.366,4 STAR
Cc1ccccc1N1C(=O)c2cc(S(N)(=O)=O)c(Cl)cc2NC1C,-3.783,4 STAR
O=[N+]([O-])c1ccc(Cl)c(Cl)c1Cl,-3.94,4 STAR
CCCCNC(=O)n1c(NC(=O)OC)nc2ccccc21,-4.883,4 STAR
COP(=S)(OC)Oc1cc(Cl)c(I)cc1Cl,-6.6160000000000005,4 STAR
CC(C)OC(=O)C(O)(c1ccc(Br)cc1)c1ccc(Br)cc1,-4.933,4 STAR
CC(C)(C)NCC(O)c1ccc(O)c(CO)c1,-1.224,4 STAR
CNC(=O)N(C)c1nc2ccccc2s1,-3.574,4 STAR
O=[N+]([O-])c1c(Cl)cc(Cl)cc1Cl,-4.559,4 STAR
CCCN(CCC)c1c([N+](=O)[O-])cc(S(N)(=O)=O)cc1[N+](=O)[O-],-3.61,4 STAR
CCC(C)C(O)C(C)CC,-2.51,3 STAR
CC(C)Oc1cc(-n2nc(C(C)(C)C)oc2=O)c(Cl)cc1Cl,-5.693,4 STAR
COc1ccc(NC(=O)N(C)C)cc1Cl,-2.5810000000000004,4 STAR
Clc1c(Cl)c(Cl)c2ccccc2c1Cl,-7.795,4 STAR
C=C(CC(Cl)(Cl)Cl)c1ccccc1,-4.282,4 STAR
CSc1nnc(C(C)(C)C)c(=O)n1N,-2.245,4 STAR
COP(=S)(Oc1cc(Cl)c(Br)cc1Cl)c1ccccc1,-7.138,4 STAR
CCNc1nc(Cl)nc(NC(C)(C)C#N)n1,-3.1510000000000002,4 STAR
CC(C(=O)O)c1cccc(C(=O)c2ccccc2)c1,-3.698,4 STAR
COc1ccc2cc(C(C)C(=O)O)ccc2c1,-4.1610000000000005,4 STAR
CCOC(=O)C(C)N(C(=O)c1ccccc1)c1ccc(Cl)c(Cl)c1,-4.263,4 STAR
CCOP(=O)(NC(C)C)Oc1ccc(SC)c(C)c1,-2.965,4 STAR
CNC(=O)Oc1cccc(N=CN(C)C)c1,-1.546,4 STAR
CNC(=O)Oc1cccc2c1OC(C)(C)O2,-3.747,4 STAR
COc1ccc(CC2NCC(O)C2OC(C)=O)cc1,-1.608,4 STAR
CCNc1nc(NC(C)C(C)C)nc(SC)n1,-3.708,4 STAR
O=C(Cn1ccnc1[N+](=O)[O-])NCc1ccccc1,-2.813,4 STAR
Cc1nc(N(C)C)nc(OC(=O)N(C)C)c1C,-1.946,4 STAR
CNC(=O)ON=C(SC)C(=O)N(C)C,0.106,4 STAR
CCCCOCN(C(=O)CCl)c1c(CC)cccc1CC,-4.1930000000000005,4 STAR
CCOP(=S)(OCC)Oc1cc(C)nc(N(CC)CC)n1,-4.9239999999999995,4 STAR
COP(=O)(OC)OC1=C(Cl)C2C=CCC12,-2.001,4 STAR
O=C(O)c1cnc(O)nc1O,-1.9380000000000002,4 STAR
CCCCc1c(C)nc(NCC)nc1O,-3.02,4 STAR
C#CC(C)(C)NC(=O)c1cc(Cl)cc(Cl)c1,-4.232,4 STAR
CCOP(=S)(OCC)Oc1ncn(-c2ccccc2)n1,-4.102,4 STAR
CCCOP(=S)(OCCC)SCC(=O)N1CCCCC1C,-4.15,4 STAR
CC1=C(C(=O)Nc2ccccc2)CCCO1,-2.559,4 STAR
Cc1occc1C(=O)Nc1ccccc1,-3.304,4 STAR
CC(C)N1C(=O)c2ccccc2NS1(=O)=O,-2.682,4 STAR
CCOP(=S)(NC(C)C)Oc1ccccc1C(=O)OC(C)C,-4.194,4 STAR
CNC(=O)N(C)c1nnc(C(F)(F)F)s1,-2.0580000000000003,4 STAR
Clc1cccc(-c2ccccc2Cl)c1,-5.585,4 STAR
CC(C)OP(=O)(OC(C)C)SCc1ccccc1,-2.858,4 STAR
CCOC1Oc2ccc(OS(C)(=O)=O)cc2C1(C)C,-3.4160000000000004,4 STAR
CCNc1nc(NC(C)CC)nc(OC)n1,-2.575,4 STAR
CCCN(CC1CC1)c1c([N+](=O)[O-])cc(C(F)(F)F)cc1[N+](=O)[O-],-6.541,4 STAR
FC(F)OC(Cl)C(F)(F)F,-1.6159999999999999,4 STAR
O=C1OCc2c(Cl)c(Cl)c(Cl)c(Cl)c21,-5.037,4 STAR
O=C1C(Cl)=C(NC(=O)C(Cl)Cl)C(=O)c2ccccc21,-5.026,4 STAR
CCN(CC)C(=O)SCc1ccc(Cl)cc1,-3.964,4 STAR
CCN(CC)c1c([N+](=O)[O-])cc(C(F)(F)F)c(N)c1[N+](=O)[O-],-5.4670000000000005,4 STAR
CCCN(CCC)c1c([N+](=O)[O-])cc(C(F)(F)F)c(N)c1[N+](=O)[O-],-7.43,4 STAR
CCN(CC)c1nc(C)cc(OP(=S)(OC)OC)n1,-4.133,4 STAR
CCSCc1ccccc1OC(=O)NC,-2.093,4 STAR
CCS(=O)(=O)c1nnc(N(C)C(=O)NC)s1,-1.945,4 STAR
O=C(OCCOCCO)c1ccccc1Nc1cccc(C(F)(F)F)c1,-5.3629999999999995,4 STAR
COP(=O)(NC(C)=O)SC,0.65,4 STAR
Clc1c(Cl)c(Cl)c2c(c1Cl)Oc1ccccc1O2,-8.708,4 STAR
Clc1ccc(-c2cc(Cl)c(Cl)cc2Cl)cc1Cl,-7.3870000000000005,4 STAR
Clc1ccc(-c2ccc(Cl)c(Cl)c2)c(Cl)c1,-6.9,4 STAR
Clc1ccc(Cl)c(-c2ccc(Cl)c(Cl)c2)c1,-6.853,4 STAR
Clc1ccc(-c2ccc(Cl)c(Cl)c2)cc1Cl,-8.71,4 STAR
Clc1ccc(-c2cc(Cl)c(Cl)cc2Cl)cc1,-7.77,4 STAR
Clc1cc(-c2cc(Cl)c(Cl)c(Cl)c2)cc(Cl)c1Cl,-8.85,4 STAR
CC12CC1(C)C(=O)N(c1cc(Cl)cc(Cl)c1)C2=O,-4.8,4 STAR
COc1cc(Oc2ccc(Cl)cc2Cl)ccc1[N+](=O)[O-],-6.02,4 STAR
Clc1ccc(-c2ccc(Cl)c(Cl)c2Cl)cc1,-6.875,4 STAR
CCc1ccccc1NC(C)=O,-1.591,4 STAR
Clc1cccc(Cl)c1-c1ccccc1,-4.966,4 STAR
CCCN(CCCl)c1c([N+](=O)[O-])cc(C(F)(F)F)cc1[N+](=O)[O-],-4.551,4 STAR
Clc1ccc(-c2ccccc2)c(Cl)c1,-5.287999999999999,4 STAR
Clc1cc(-c2ccccc2)c(Cl)c(Cl)c1Cl,-7.319,4 STAR
CCC(C)Nc1c([N+](=O)[O-])cc(C(C)(C)C)cc1[N+](=O)[O-],-5.47,4 STAR
CCNc1nc(NC(C)(C)C)nc(OC)n1,-3.239,4 STAR
CCCN(CCC)c1c([N+](=O)[O-])cc(C(C)C)cc1[N+](=O)[O-],-6.49,4 STAR
Clc1cc(Cl)c(-c2c(Cl)cc(Cl)cc2Cl)c(Cl)c1,-8.947000000000001,4 STAR
CNC(=O)N(C)c1nnc(C(C)(C)C)s1,-1.9969999999999999,4 STAR
CC(C)c1ccc(NC(=O)N(C)C)cc1,-3.536,4 STAR
C=CC(=O)Oc1c(Br)cc(Cl)c2cccnc12,-4.717,4 STAR
Clc1ccc(Cl)c(-c2ccccc2)c1,-5.2989999999999995,4 STAR
Clc1ccc(-c2ccccc2Cl)cc1,-5.28,4 STAR
Clc1cc(Cl)c(-c2cc(Cl)c(Cl)cc2Cl)cc1Cl,-8.58,4 STAR
Clc1cc(Cl)c(-c2ccc(Cl)c(Cl)c2Cl)cc1Cl,-8.381,4 STAR
O=C(NC(=O)c1c(F)cccc1F)Nc1ccc(Cl)cc1,-6.015,4 STAR
Clc1cc(Cl)c(-c2ccccc2)c(Cl)c1,-6.0089999999999995,4 STAR
Clc1ccc(Cl)c(-c2cc(Cl)ccc2Cl)c1,-7.281000000000001,4 STAR
Clc1ccc(-c2cc(Cl)c(Cl)c(Cl)c2Cl)c(Cl)c1,-8.52,4 STAR
Clc1cc2c(c(Cl)c1Cl)Oc1c(Cl)c(Cl)c(Cl)c(Cl)c1O2,-11.248,4 STAR
O=C(O)CCC(=O)c1ccc(-c2ccccc2)cc1,-5.061,4 STAR
CCOP(=S)(NC(C)CC)Oc1cc(C)ccc1[N+](=O)[O-],-4.814,4 STAR
CCOP(=O)(Oc1ccc(Cl)cc1Cl)Oc1ccc(Cl)cc1Cl,-5.774,4 STAR
CCC#CC(C)C,-2.745,3 STAR
COP(=S)(OC)SCCSC(C)C,-3.429,4 STAR
CCCCCCCCCCCCCCCCO,-7.257999999999999,4 STAR
CCC(C)N(C(=O)SCc1ccccc1)C(C)CC,-5.048,4 STAR
CCCCCCCCCOC(=O)c1ccc(N)cc1,-6.001,4 STAR
Clc1ccc(Cl)c(-c2ccccc2Cl)c1,-5.809,4 STAR
Clc1ccc(-c2ccccc2Cl)c(Cl)c1,-6.49,4 STAR
Clc1ccc(Cl)c(-c2cc(Cl)c(Cl)cc2Cl)c1,-7.3260000000000005,4 STAR
C=CCN(CC=C)C(=O)C(Cl)Cl,-1.619,4 STAR
CC1=C(CC(=O)O)c2cc(F)ccc2C1=Cc1ccc([S+](C)[O-])cc1,-4.552,4 STAR
Nc1cc(N2CCCCC2)nc(N)[n+]1[O-],-1.982,4 STAR
Clc1ccc(Cl)c(-c2c(Cl)ccc(Cl)c2Cl)c1,-7.19,4 STAR
Clc1ccc(-c2cc(Cl)c(Cl)cc2Cl)c(Cl)c1,-7.95,4 STAR
Clc1ccc(Cl)c(-c2ccc(Cl)c(Cl)c2Cl)c1,-7.045,4 STAR
Clc1ccc(-c2c(Cl)ccc(Cl)c2Cl)cc1Cl,-7.65,4 STAR
Clc1cc(Cl)c(-c2c(Cl)ccc(Cl)c2Cl)cc1Cl,-7.93,4 STAR
Clc1ccc(-c2ccc(Cl)c(Cl)c2Cl)c(Cl)c1Cl,-9.013,4 STAR
Clc1ccc(Cl)c(-c2c(Cl)ccc(Cl)c2Cl)c1Cl,-7.903,4 STAR
Clc1ccccc1-c1c(Cl)cccc1Cl,-5.9,4 STAR
Clc1ccc(-c2c(Cl)cccc2Cl)cc1,-6.209,4 STAR
Clc1ccccc1-c1cccc(Cl)c1Cl,-5.944,4 STAR
Clc1cccc(-c2cc(Cl)ccc2Cl)c1,-6.007999999999999,4 STAR
Clc1ccc(-c2cccc(Cl)c2Cl)cc1,-6.2589999999999995,4 STAR
Clc1ccc(-c2ccccc2Cl)cc1Cl,-6.287000000000001,4 STAR
Clc1cccc(-c2cccc(Cl)c2Cl)c1Cl,-7.272,4 STAR
CCOC(=O)CN(C(=O)CCl)c1c(CC)cccc1CC,-3.4730000000000003,4 STAR
CC1=C(C(=O)O)N2C(=O)C(NC(=O)C(N)C3=CCC=CC3)C2SC1,-1.215,4 STAR
Clc1cc2c(cc1Cl)Oc1c(Cl)c(Cl)c(Cl)c(Cl)c1O2,-10.949000000000002,4 STAR
Clc1ccc2c(c1)Oc1ccccc1O2,-5.836,4 STAR
Clc1cc(Cl)c2c(c1Cl)Oc1ccccc1O2,-7.534,4 STAR
Clc1ccc2c(c1)Oc1c(Cl)c(Cl)c(Cl)c(Cl)c1O2,-9.472999999999999,4 STAR
CC1(C)C(C(=O)OC(C#N)c2cccc(Oc3ccccc3)c2)C1(C)C,-6.025,4 STAR
CCOP(=O)(OCC)SCn1nnc2ccccc2c1=O,-1.993,4 STAR
CCC(CC)Nc1c([N+](=O)[O-])cc(C)c(C)c1[N+](=O)[O-],-5.972,4 STAR
COC(C)(C)CCCC(C)CC=CC(C)=CC(=O)OC(C)C,-5.346,4 STAR
CCOC(=O)C=C(C)C=CCC(C)CCCC(C)C,-5.693,4 STAR
CCCSP(=O)(OCC)Oc1ccc(Br)cc1Cl,-4.125,4 STAR
COc1ccc(C(=O)c2cccc(C)c2)cc1C,-5.08,4 STAR
Clc1ccc(Cl)c(-c2cccc(Cl)c2Cl)c1,-6.465,4 STAR
Clc1ccc(-c2cc(Cl)ccc2Cl)c(Cl)c1,-6.5729999999999995,4 STAR
Clc1cc(Cl)c(-c2cccc(Cl)c2Cl)cc1Cl,-7.06,4 STAR
Cc1cccc2sc3nncn3c12,-2.073,4 STAR
CCOP(=S)(OCC)Oc1nc(Cl)n(C(C)C)n1,-3.32,4 STAR
COC(=O)c1cc(Oc2ccc(Cl)cc2Cl)ccc1[N+](=O)[O-],-5.934,4 STAR
CCOc1cc(Oc2ccc(C(F)(F)F)cc2Cl)ccc1[N+](=O)[O-],-6.558,4 STAR
CC(C)(C)C(=O)C(Oc1ccc(Cl)cc1)n1cncn1,-3.614,4 STAR
CC(C)OC(=O)C(C(=O)OC(C)C)=C1SCCS1,-3.782,4 STAR
COCCN(C(=O)CCl)c1c(C)cccc1C,-2.086,4 STAR
Clc1cc2oc3cc(Cl)c(Cl)cc3c2cc1Cl,-8.646,4 STAR
CCc1cccc(C)c1N(C(=O)CCl)C(C)COC,-2.7289999999999996,4 STAR
CCCOCCN(C(=O)CCl)c1c(CC)cccc1CC,-3.795,4 STAR
COC(=O)C(C)Oc1ccc(Oc2ccc(Cl)cc2Cl)cc1,-3.8339999999999996,4 STAR
CNC(=NC#N)NCCSCc1nc[nH]c1C,-1.345,4 STAR
CNC(=O)Oc1ccccc1OC(CCl)OC,-2.301,4 STAR
CC(C)C(C(=O)OC(C#N)c1cccc(Oc2ccccc2)c1)c1ccc(Cl)cc1,-7.242999999999999,4 STAR
CCc1ccc2cc3ccccc3cc2c1,-6.886,4 STAR
CC1(C)C(C=C(Cl)Cl)C1C(=O)OC(C#N)c1cccc(Oc2ccccc2)c1,-8.017000000000001,4 STAR
CC1(C)C(C=C(Cl)Cl)C1C(=O)OCc1cccc(Oc2ccccc2)c1,-6.99,4 STAR
Clc1ccccc1-c1ccc(Cl)c(Cl)c1Cl,-6.83,4 STAR
Clc1cccc(-c2c(Cl)ccc(Cl)c2Cl)c1Cl,-6.78,4 STAR
Clc1cc(Cl)c(Cl)c(-c2c(Cl)ccc(Cl)c2Cl)c1,-7.822,4 STAR
CC(C)OC(=O)C(C)N(C(=O)c1ccccc1)c1ccc(F)c(Cl)c1,-4.4335,4 STAR
COC(=O)C(C)N(C(=O)c1ccccc1)c1ccc(F)c(Cl)c1,-3.9819999999999998,4 STAR
CC1(C)C(C=C(Br)Br)C1C(=O)OC(C#N)c1cccc(Oc2ccccc2)c1,-8.402000000000001,4 STAR
Clc1cc2c(Cl)cccc2c(Cl)c1Cl,-7.857,4 STAR
Clc1cc(Cl)c2cc(Cl)cc(Cl)c2c1,-7.8229999999999995,4 STAR
CC(=O)Nc1cc(NS(=O)(=O)C(F)(F)F)c(C)cc1C,-3.237,4 STAR
COCCOc1c(OC)cc(Cc2cnc(N)nc2N)cc1OC,-2.101,4 STAR
CC(C)(C)C(O)C(Oc1ccc(-c2ccccc2)cc1)n1cncn1,-4.829,4 STAR
Clc1cccc(-c2cc(Cl)c(Cl)c(Cl)c2Cl)c1Cl,-8.421,4 STAR
CC(C)(C)C(O)C(Oc1ccc(Cl)cc1)n1cncn1,-3.392,4 STAR
O=C(C1CCCCC1)N1CC(=O)N2CCc3ccccc3C2C1,-2.8930000000000002,4 STAR
C=C(C)CN(CC)c1c([N+](=O)[O-])cc(C(F)(F)F)cc1[N+](=O)[O-],-6.222,4 STAR
O=C(O)COc1nc(Cl)c(Cl)cc1Cl,-2.766,4 STAR
Clc1ccc(Cl)c(-c2ccccc2)c1Cl,-6.49,4 STAR
Clc1cc(Cl)c2cc(Cl)ccc2c1,-6.556,4 STAR
Clc1cc2c(Cl)ccc(Cl)c2cc1Cl,-7.516,4 STAR
CCC(=O)N(c1ccccc1)C1(COC)CCN(CCc2cccs2)CC1,-3.7060000000000004,4 STAR
CCOP(=S)(OCC)SCS(=O)(=O)C(C)(C)C,-2.895,4 STAR
CNC(=O)n1cc(F)c(=O)[nH]c1=O,-2.48,4 STAR
COP(=S)(OC)Oc1c(Cl)cc(C)cc1Cl,-5.877000000000001,4 STAR
COc1c(O)cc(Cl)c(Cl)c1Cl,-4.398,4 STAR
COC(=O)C(C)N(C(=O)c1ccco1)c1c(C)cccc1C,-3.117,4 STAR
COCC(=O)N(c1c(C)cccc1C)C(C)C(=O)OC,-1.601,4 STAR
CSC(C)=NOC(=O)N(C)SN(C)C(=O)ON=C(C)SC,-4.269,4 STAR
Cn1cc(-c2ccccc2)c(=O)c(-c2cccc(C(F)(F)F)c2)c1,-4.438,4 STAR
OC(c1ccc(Cl)cc1)(c1cncnc1)c1ccccc1Cl,-4.383,4 STAR
CCCC1COC(Cn2cncn2)(c2ccc(Cl)cc2Cl)O1,-3.4930000000000003,4 STAR
CCC1COC(Cn2cncn2)(c2ccc(Cl)cc2Cl)O1,-3.613,4 STAR
CCN(Cc1c(F)cccc1Cl)c1c([N+](=O)[O-])cc(C(F)(F)F)cc1[N+](=O)[O-],-6.625,4 STAR
OC(c1ccc(F)cc1)(c1cncnc1)c1ccccc1Cl,-4.083,4 STAR
CCCCNC(=O)n1cc(F)c(=O)[nH]c1=O,-2.4459999999999997,4 STAR
COP(=S)(OC)SCC(=O)N(c1ccc(Cl)cc1)C(C)C,-4.4319999999999995,4 STAR
CCCCCCCCCc1ccc(OP(=O)(Oc2ccccc2)Oc2ccccc2)cc1,-5.769,4 STAR
NC(=O)COC(=O)c1ccccc1,-1.641,4 STAR
CCNC(=O)COC(=O)c1ccccc1,-2.237,4 STAR
CCN(CC)C(=O)COC(=O)c1ccccc1,-2.0709999999999997,4 STAR
Clc1ccc(-c2ccc(Cl)c(Cl)c2Cl)c(Cl)c1,-7.62,4 STAR
CCCCOC(=O)N(C)SN(C)C(=O)Oc1cccc2c1OC(C)(C)C2,-4.583,4 STAR
Nc1nc(N)nc(NC2CC2)n1,-1.179,4 STAR
CC(C)Oc1cccc(NC(=O)c2ccccc2C(F)(F)F)c1,-4.532,4 STAR
CCOC(=O)C(C)Oc1ccc(Oc2nc3ccc(Cl)cc3o2)cc1,-5.569,4 STAR
Clc1ccc2c(c1)Oc1cc(Cl)c(Cl)c(Cl)c1O2,-8.874,4 STAR
Cc1cccc(C)c1N(Cn1cccn1)C(=O)CCl,-4.213,4 STAR
CC(Cc1ccc(C(C)(C)C)cc1)CN1CC(C)OC(C)C1,-3.637,4 STAR
CCCN(CCOc1c(Cl)cc(Cl)cc1Cl)C(=O)n1ccnc1,-4.044,4 STAR
CCOC(=O)CNc1nc(Cl)nc(NC(C)C)n1,-2.562,4 STAR
C=CCN(CCC#N)c1cc(NC(C)=O)c(N=Nc2c(Br)cc([N+](=O)[O-])cc2[N+](=O)[O-])cc1OC,-8.9,4 STAR
CC(C)C(Nc1ccc(C(F)(F)F)cc1Cl)C(=O)OC(C#N)c1cccc(Oc2ccccc2)c1,-8.4,4 STAR
CCCCOC(=O)C(C)Oc1ccc(Oc2ccc(C(F)(F)F)cn2)cc1,-5.584,4 STAR
CC(C)C(C(=O)OC(C#N)c1cccc(Oc2ccccc2)c1)c1ccc(OC(F)F)cc1,-6.876,4 STAR
CCn1c(O)c(N=Nc2ccc(Cl)cc2[N+](=O)[O-])c(C)c(C#N)c1=O,-6.69,4 STAR
COC(=O)C(C)N(C(=O)Cc1ccccc1)c1c(C)cccc1C,-3.944,4 STAR
CCOC(=O)NCCOc1ccc(Oc2ccccc2)cc1,-4.7010000000000005,4 STAR
Nc1c([N+](=O)[O-])ccc(Oc2ccccc2)c1Cl,-5.025,4 STAR
COC(=O)c1ccccc1S(=O)(=O)NC(=O)Nc1nc(C)cc(C)n1,-3.0839999999999996,4 STAR
COC(=O)c1ccccc1S(=O)(=O)NC(=O)Nc1nc(C)nc(OC)n1,-1.604,4 STAR
Clc1cc(Cl)cc(-c2c(Cl)c(Cl)cc(Cl)c2Cl)c1,-8.27,4 STAR
CC(C)(C)C(O)C(Cc1ccc(Cl)cc1Cl)n1cncn1,-4.562,4 STAR
CSCOC(=O)c1ccccc1OC(C)=O,-2.64,4 STAR
CC(=O)Oc1ccccc1C(=O)OCS(C)(=O)=O,-3.3939999999999997,4 STAR
CCOC(=O)C(C)Oc1ccc(Oc2cnc3cc(Cl)ccc3n2)cc1,-6.093999999999999,4 STAR
OC(Cn1cncn1)(c1ccc(F)cc1)c1ccccc1F,-3.365,4 STAR
CC(C)(C)C(O)C(Cc1ccc(Cl)cc1)n1cncn1,-3.924,4 STAR
COC(=O)c1ccccc1CS(=O)(=O)NC(=O)Nc1nc(OC)cc(OC)n1,-3.534,4 STAR
O=C(NC(=O)c1c(F)cccc1F)Nc1cc(Cl)c(F)c(Cl)c1F,-7.28,4 STAR
Cc1ccccc1COC1CC2(C(C)C)CCC1(C)O2,-3.639,4 STAR
CCON=C(CC)C1=C(O)CC(c2c(C)cc(C)cc2C)CC1=O,-4.74,4 STAR
CCCCCCCCCCCCN1CC(C(=O)OC)CC1=O,-4.376,4 STAR
NS(=O)(=O)c1cc2c(s1)SCCC2=O,-3.552,4 STAR
NS(=O)(=O)c1cc2c(s1)S(=O)(=O)CCC2=O,-3.0180000000000002,4 STAR
CNC(=O)COC(=O)c1ccccc1,-1.7180000000000002,4 STAR
CCCNC(=O)COC(=O)c1ccccc1,-2.539,4 STAR
CN(C)C(=O)COC(=O)c1ccccc1,-1.3719999999999999,4 STAR
NS(=O)(=O)c1ccc(SCCO)cc1,-1.824,4 STAR
NS(=O)(=O)c1ccc(S(=O)(=O)CCO)cc1,-1.604,4 STAR
NS(=O)(=O)c1ccc(SCCCO)cc1,-2.247,4 STAR
CC(C)(O)CCSc1ccc(S(N)(=O)=O)cc1,-2.838,4 STAR
NS(=O)(=O)c1ccc(SCCCCCO)cc1,-2.662,4 STAR
NS(=O)(=O)c1ccc(S(=O)(=O)CCCO)cc1,-1.589,4 STAR
CC(C)(O)CCS(=O)(=O)c1ccc(S(N)(=O)=O)cc1,-1.944,4 STAR
NS(=O)(=O)c1ccc(SCCO)c([N+](=O)[O-])c1,-2.7460000000000004,4 STAR
NS(=O)(=O)c1ccc(SCCCO)c([N+](=O)[O-])c1,-3.466,4 STAR
NS(=O)(=O)c1ccc(SCCO)c(F)c1,-1.6219999999999999,4 STAR
NS(=O)(=O)c1ccc(SCCCO)c(F)c1,-2.47,4 STAR
NS(=O)(=O)c1ccc(SCCCCO)c(F)c1,-2.4459999999999997,4 STAR
NS(=O)(=O)c1ccc(S(=O)(=O)CCO)c(F)c1,-1.9340000000000002,4 STAR
NS(=O)(=O)c1ccc(S(=O)(=O)CCCO)c(F)c1,-1.6540000000000001,4 STAR
CCCCCCN1CC(C(=O)O)CC1=O,-1.456,4 STAR
COc1ccc(C(=O)c2csc(S(N)(=O)=O)c2)cc1,-4.473,4 STAR
