smiles,logS
C=O,1.121
CC1CC2C3CCC4=CC(=O)C=CC4(C)C3(F)C(O)CC2(C)C1(O)C(=O)CO,-3.7075
CC(=O)OCC(=O)C1(O)CCC2C3CCC4=CC(=O)CCC4(C)C3C(O)CC12C,-4.458
CC(=O)OCC(=O)C1(O)CCC2C3CCC4=CC(=O)CCC4(C)C3C(=O)CC12C,-4.303999999999999
CCC1(c2ccccc2)C(=O)NC(=O)NC1=O,-2.3209999999999997
CN1C(=O)NC(=O)C(CC)(CC)C1=O,-2.0
O=P1(NCCCO1)N(CCCl)CCCl,-0.815
CC(O)C(O)=O,1.045
CC12CCC(=O)C=C1CCC1C2C(O)CC2(C)C(CCC21)C(=O)CO,-3.241
CC12CCC(=O)C=C1CCC1C2C(O)CC2(C)C1CCC2(O)C(=O)CO,-3.054
CC12C=CC(=O)C=C1CCC1C2C(O)CC2(C)C1CCC2(O)C(=O)CO,-3.2089999999999996
ClC(Cl)(Cl)C(c1ccc(Cl)cc1)c1ccc(Cl)cc1,-7.809
OC(=O)c1c(Cl)c(Cl)ccc1Cl,-1.4669999999999999
c1c2ccccc2c2ccc3cccc4ccc1c2c34,-8.192
CCCCC1C(=O)N(c2ccccc2)N(c2ccccc2)C1=O,-3.812
COC(=O)C1C2CCC(CC1OC(=O)c1ccccc1)N2C,-2.227
CNCCCN1c2ccccc2CCc2ccccc12,-3.658
CN(C)CCC=C1c2ccccc2CCc2ccccc21,-4.456
CN(C)CCCN1c2ccccc2CCc2ccccc12,-4.187
CN(C)CCCN1c2ccccc2Sc2ccc(Cl)cc12,-5.0969999999999995
[O-][N+](=O)c1cc(Cl)c(cc1)NC(=O)c1cc(Cl)ccc1O,-4.702
CC(=O)Oc1ccccc1C(O)=O,-1.5930000000000002
OC(CO)C1OC(=O)C(O)=C1O,0.3165
OC(=O)c1ccc(Cl)cc1Cl,-2.603
O=C1NC=C(F)C(=O)N1,-1.069
[O-][N+](=O)c1cc(ccc1O)[N+]([O-])=O,-1.819
CN1C2CC(CC1C1OC12)OC(=O)C(CO)c1ccccc1,-0.504
OC(=O)c1cc(Cl)cc(Cl)c1,-3.114
OC(=O)c1cc(Cl)c(Cl)cc1,-3.495
CN1C2CC(CC1CC2)OC(=O)C(CO)c1ccccc1,-2.119
NCCc1ccc(O)cc1,-1.12
CCOC(N)=O,0.731
CC12CCC3C4CCC(=O)C=C4CCC3C1CCC2(C#C)OC(C)=O,-4.784
CC(=O)SC1CC2=CC(=O)CCC2(C)C2CCC3(C)C(CCC43CCC(=O)O4)C21,-4.277
CC(=O)OCC(=O)C1(O)CCC2C3CCC4=CC(=O)C=CC4(C)C3C(O)CC12C,-4.369
CCC1(C2CCCCC=2)C(=O)NC(=O)NC1=O,-2.169
C=CCC1(CC=C)C(=O)NC(=O)NC1=O,-2.061
[O-][N+](=O)C(Br)(CO)CO,0.09699999999999999
NC1(CCCC1)C(O)=O,-0.41200000000000003
CC(C)(S)C(N)C(O)=O,-0.128
COP(=O)(OC)C(O)C(Cl)(Cl)Cl,-0.331
OC1(CCN(CCCC(=O)c2ccc(F)cc2)CC1)c1ccc(Cl)cc1,-4.428999999999999
CC12CCC(=O)C=C1CCC1C2C(=O)CC2(C)C1CCC2(O)C(=O)CO,-3.11
CC12CCC3C(CCc4cc(O)ccc43)C1CCC2=O,-3.955
ClC(Cl)C(c1ccccc1Cl)c1ccc(Cl)cc1,-6.505
CC12CCC3C(CCC4CC(O)CCC43C)C1CCC2=O,-4.402
CC12CCC3C(CC=C4CC(O)CCC43C)C1CCC2=O,-4.122
c1c2c3ccccc3ccc2cc2c3ccccc3ccc21,-8.048
CC(=O)Nc1cc2Cc3ccccc3-c2cc1,-4.625
CN1CCCC1c1c[n]ccc1,0.79
NS(=O)(=O)c1cc(C(O)=O)c(cc1Cl)NCc1ccco1,-3.656
NNC(=O)c1cc[n]cc1,0.009000000000000001
CCN(CC)N=O,0.016
NC(=O)c1ccccc1,-0.953
OC(=O)c1cc[n]cc1,-1.374
Cc1cc(ccc1SC)OP(=S)(OC)OC,-4.569
[O-][N+](=O)OC(CO[N+]([O-])=O)CO[N+]([O-])=O,-2.2159999999999997
NCCCC(O)=O,1.101
ClC(Cl)(Cl)Cl,-2.2880000000000003
CC12C3CCC(O3)C1(C)C(=O)OC2=O,-3.8160000000000003
CN1C(O)=NC(=O)C(C)(C2CCCCC=2)C1=O,-2.735
CCOP(=S)(Oc1ccc(cc1)[N+]([O-])=O)OCC,-4.649
NCC(O)=O,0.521
CC(=O)OCC(=O)C1CCC2C3CCC4=CC(=O)CCC4(C)C3CCC21C,-4.63
Cc1ccc2cc3c(ccc4ccccc43)c3CCc1c32,-7.966
CCC(c1ccc(O)cc1)=C(CC)c1ccc(O)cc1,-4.35
c1c2c3ccccc3ccc2cc2ccccc21,-7.385
CC1c2ccc(cc2OC(=O)C=1Cl)OP(=S)(OCC)OCC,-5.3839999999999995
[O-][N+](=O)c1ccc(cc1)C(O)C(CO)NC(=O)C(Cl)Cl,-2.1109999999999998
OC(CO)CO,1.036
NC(CC(O)=O)C(O)=O,-0.318
NC(=O)CCC(N)C(O)=O,-0.5489999999999999
NC(CCC(O)=O)C(O)=O,-1.235
C=CCN=C=S,-1.695
CCCCCCCCCCCCCCCC(O)=O,-6.807
NC(N)=O,0.958
CN(C)N,1.2209999999999999
CC(C)(O)C(Cl)(Cl)Cl,-1.3459999999999999
O=C1CC2OCC=C3CN4CCC56C(C2C3CC54)N1c1ccccc61,-3.32
O=C1NC(=O)C(N1)(c1ccccc1)c1ccccc1,-3.897
CCOC(=O)C1(CCN(C)CC1)c1ccccc1,-1.885
CCC1(CCC(C)C)C(=O)NC(=O)NC1=O,-2.574
CCC1(CC)C(=O)NC(=O)NC1=O,-1.393
OC1C(OC(CO)C(O)C1O)OC1(CO)OC(CO)C(O)C1O,0.7879999999999999
CCCC(C)(COC(N)=O)COC(N)=O,-1.6669999999999998
CC(O)CO,1.119
O=C1CCO1,0.711
CC12CCC3C(CCc4cc(O)ccc43)C1CCC2(O)C#C,-4.419
Cc1cc(C)[n]c(NS(=O)(=O)c2ccc(N)cc2)[n]1,-2.2680000000000002
ClC1(Cl)C2(Cl)C3CC(Cl)C(Cl)C3C1(Cl)C(Cl)=C2Cl,-6.864
CC(=O)C1CCC2C3CCC4=CC(=O)CCC4(C)C3CCC21C,-4.553
CCC(=O)OC1CCC2C3CCC4=CC(=O)CCC4(C)C3CCC12C,-5.367000000000001
Cc1c2ccc3ccccc3c2c(C)c2ccccc12,-6.624
CN1C(=O)c2c([n]c[n]2C)N(C)C1=O,-0.966
CN(C)C1C(=O)N(c2ccccc2)N(C)C=1C,-0.629
CC12CCC3C(CCC4=CC(=O)CCC43C)C1CCC2(C)O,-3.95
CC12CCC3C(CCC4=CC(=O)CCC43C)C1CCC2O,-4.091
CC1=CC(=O)c2ccccc2C1=O,-3.032
CN1CCN(CCCN2c3ccccc3Sc3ccc(Cl)cc23)CC1,-4.397
OCCN1CCN(CCCN2c3ccccc3Sc3ccc(Cl)cc23)CC1,-4.155
CN(C)CCCN1c2ccccc2Sc2ccccc12,-4.302
CN1C(=O)c2[nH]c[n]c2N(C)C1=O,-1.389
Oc1[n]c[n]c2c1[n]c[n]2C1OC(CO)C(O)C1O,-1.23
OC(=O)CCCCC1SCC2NC(=O)NC21,-3.0460000000000003
ClC1C(Cl)C(Cl)C(Cl)C(Cl)C1Cl,-5.0775000000000015
Oc1c(Cl)cc(Cl)c(Cl)c1Cl,-4.004
NS(=O)(=O)c1cc2c(cc1Cl)NCNS2(=O)=O,-2.615
NS(=O)(=O)c1cc2c(cc1Cl)N=CNS2(=O)=O,-3.0460000000000003
CCN(CC)C(=O)c1ccc[n]c1,0.7490000000000001
O=C1C=Cc2ccccc2N1,-2.1390000000000002
Nc1ccc(cc1)S(=O)(=O)Nc1c[n]c2ccccc2[n]1,-4.603
CCN(CCOC(=O)c1ccc(N)cc1)CC,-1.3980000000000001
Cc1ccccc1OCC(O)CO,-1.189
OCC(S)CS,-0.155
CC(=O)Nc1[n][n]c([s]1)S(N)(=O)=O,-2.356
OC(=O)c1ccc[n]c1,-0.835
O=NN1CCOCC1,0.935
NC(Cc1cc(O)c(O)cc1)C(O)=O,-1.5959999999999999
Nc1ccc(cc1)N=Nc1ccccc1,-3.181
CN(C)c1ccc(cc1)N=Nc1ccccc1,-5.9910000000000005
OCCc1ccccc1,-0.741
NC(Cc1ccc(O)cc1)C(O)=O,-2.5780000000000003
CN1CC(=O)NC1=N,-0.15
CCOCC,-0.08900000000000001
NCCCCCC(O)=O,0.585
CNN,1.337
CC(N)=O,1.581
CNC(=O)CSP(=S)(OC)OC,-0.9620000000000001
ClC1(Cl)C2(Cl)C3C4CC(C5OC54)C3C1(Cl)C(Cl)=C2Cl,-6.237
CN1C(C)=CC(=O)N1c1ccccc1,-0.564
OCC1OC(Oc2cc(O)cc(O)c2C(=O)CCc2ccc(O)cc2)C(O)C(O)C1O,-2.64
CN(C)C(C)CN1c2ccccc2Sc2ccccc12,-4.26
CN(C)CC(C)CN1c2cc(ccc2Sc2ccccc12)OC,-4.215
[O-][N+](=O)c1c[n]c([s]1)N1CCNC1=O,-3.217
CC(C)CC(N)C(O)=O,-0.785
[O-][N+](=O)c1ccc(cc1)C(O)=O,-2.9219999999999997
CC(=O)Nc1ccc(cc1)OCC,-2.369
CCOS(C)(=O)=O,0.402
Nc1ccccc1,-0.413
CC(N)=S,0.336
NC(N)=S,0.271
COP(=O)(OC=C(Cl)Cl)OC,-1.344
CN(C)N=O,1.13
CC12CCC(=O)C=C1CCC1C2CCC2(C)C1CCC2=O,-3.695
CNC(=O)Oc1cccc2ccccc21,-3.387
CSCCC(N)C(O)=O,-0.42100000000000004
Nc1ccc(cc1)S(N)(=O)=O,-1.361
CN1CC(=CCC1)C(=O)OC,0.809
CCO,1.337
OC=O,1.337
CC(O)=O,1.2209999999999999
CCC(C)C(C)(COC(N)=O)COC(N)=O,-2.366
CCOS(=O)(=O)OCC,-1.3430000000000002
Cc1ccc(cc1)S(=O)(=O)NC(=O)NCCCC,-3.3939999999999997
CC12CCC3C(CCC4=CC(=O)CCC43C)C1CCC2C(=O)CO,-3.745
NC(=O)c1ccccc1O,-1.8230000000000002
Nc1cc(O)c(cc1)C(O)=O,-1.9569999999999999
CC1=CNC(=O)NC1=O,-1.5190000000000001
OC(=O)c1ccccc1,-1.655
Oc1[n]c(cc(O)[n]1)C(O)=O,-1.933
O=C1C=CNC(=O)N1,-1.493
CCCCCC=O,-1.249
c1cc2ccc[n]c2c2[n]cccc21,-1.8259999999999998
CC1CC(C(O)CC2CC(=O)NC(=O)C2)C(=O)C(C)C1,-1.127
CO,1.494
CC(C)O,1.2209999999999999
CC(C)=O,1.236
ClC(Cl)Cl,-1.177
CS(C)=O,1.107
ClC(Cl)(Cl)C(Cl)(Cl)Cl,-4.488
CC12C=CC(=O)C=C1CCC1C3CC(OC(C)=O)C(O)(C(=O)COC(C)=O)C3(C)CC(O)C21F,-4.13
OC(=O)CS,1.036
CN(C)C=O,1.136
CC12CCC3C4CCC(=O)C=C4CCC3C1CCC2(O)C#C,-4.627
O=C1NC=Nc2[n]c[nH]c21,-2.289
CC(=O)C1(O)CCC2C3CCC4=CC(=O)CCC4(C)C3CCC12C,-4.708
OCCN1CCN(CCCN2c3ccccc3Sc3ccc(cc23)C(F)(F)F)CC1,-4.149
Oc1ccccc1C(O)=O,-1.79
Cc1ccc(cc1)S(N)(=O)=O,-1.734
CCC(=O)c1ccc(N)cc1,-2.627
NC(Cc1c[n]c[nH]1)C(O)=O,-0.532
CCCO,1.2209999999999999
CCCCO,-0.069
CCCCCO,-0.603
c1ccccc1,-1.64
CC(Cl)(Cl)Cl,-1.952
Nc1ccc(cc1)S(=O)(=O)Nc1[n]cc[s]1,-2.425
CC(O)C(N)C(O)=O,-0.08900000000000001
COc1ccc(cc1)C(c1ccc(cc1)OC)C(Cl)(Cl)Cl,-6.539
Oc1ccc2c(C(=O)c3ccccc3C2=O)c1O,-2.779
ClC(Cl)C(c1ccc(Cl)cc1)c1ccc(Cl)cc1,-6.551
ClC(Cl)=C(c1ccc(Cl)cc1)c1ccc(Cl)cc1,-6.9
NC(Cc1c[nH]c2ccccc21)C(O)=O,-1.183
CC(CC)C(N)C(O)=O,-0.581
NS(=O)(=O)c1cc2c(cc1C(F)(F)F)NC(Cc1ccccc1)NS2(=O)=O,-3.591
CCC1NC(=O)c2cc(c(Cl)cc2N1)S(N)(=O)=O,-3.286
OC(=O)c1ccc(Cl)cc1,-3.3369999999999997
NC(=N)NCCCC(N)C(O)=O,0.019
CBr,-0.7959999999999999
CCl,-0.977
CI,-1.012
CN,1.541
C#N,1.568
CS,-0.495
BrCBr,-1.165
CCBr,-1.0859999999999999
ClCBr,-0.889
CCCl,-1.055
C=CCl,-1.36
C=CF,-0.276
CCI,-1.601
CCN,1.3459999999999999
CC#N,1.3869999999999998
CC=O,1.3559999999999999
CCS,-0.6
ClCCl,-0.815
ICI,-2.334
NC=O,1.3459999999999999
S=C=S,-1.81
CSC,-0.9940000000000001
C1CO1,1.3559999999999999
BrC(Br)Br,-1.808
CC(C)Br,-1.631
ClC(Cl)Br,-1.733
CC(C)C,-3.076
CC(C)Cl,-1.4040000000000001
CC(C)I,-2.084
CC(C)N,1.228
CC(Cl)Cl,-1.291
C=C(Cl)Cl,-1.6340000000000001
CC(F)F,-1.315
C=C(F)F,-0.706
FC(Cl)Cl,-0.738
FC(F)Cl,-1.494
FC(F)F,-1.2329999999999999
CN(C)C,1.178
C[N+]([O-])=O,0.26
CC1CO1,1.0070000000000001
FC(F)(F)Br,-2.668
CC(C)(C)N,1.136
CC(C)(C)O,1.13
FC(Cl)(Cl)Cl,-2.096
FC(F)(Cl)Cl,-2.635
FC(F)(F)Cl,-3.065
CCC(C)(C)C,-3.6710000000000003
CC(C)(C)CO,-0.401
CCC(C)(C)O,0.096
O=CC(Cl)(Cl)Cl,-0.691
OCC(F)(F)F,1.0
CC(=O)C(C)(C)C,-0.722
CC(C)(C)C(O)=O,-0.6729999999999999
CC(Cl)(Cl)C(O)=O,0.545
CC(O)C(Cl)(Cl)Cl,-0.757
ClC(Cl)C(Cl)(Cl)Cl,-2.625
OC(=O)C(Cl)(Cl)Cl,0.519
[O-][N+](=O)C(Cl)(Cl)Cl,-2.006
FC(Cl)(Cl)C(F)(Cl)Cl,-3.1889999999999996
FC(F)(Cl)C(F)(Cl)Cl,-3.042
FC(F)(Cl)C(F)(F)Cl,-3.1189999999999998
FC(F)(F)C(F)(F)Cl,-3.411
FC(F)(C(F)(F)F)C(F)(F)F,-4.518
CC(CC)(S(=O)(=O)CC)S(=O)(=O)CC,-1.685
CC1(C)OC2(C(CC3C4CCC5=CC(=O)C=CC5(C)C4(F)C(O)CC23C)O1)C(=O)CO,-4.316
ClC1(Cl)C2(Cl)C3C=CC(Cl)C3C1(Cl)C(Cl)=C2Cl,-6.317
COc1ccc2CC3C4C=CC(O)C5Oc1c2C45CCN3C,-1.5219999999999998
CCC1(C(C)CCC)C(=O)NC(O)=NC1=O,-2.523
CCC1(C(C)C)C(=O)NC(=O)NC1=O,-2.214
OC(=O)C(O)(c1ccccc1)c1ccccc1,-2.209
CC(C)C1(CC=C)C(=O)NC(=O)NC1=O,-1.712
CC12C3C(C(O)=O)C45CC(O)(CCC4C3(C=CC1O)OC2=O)C(=C)C5,-1.841
Oc1ccc(cc1)C1(OC(=O)c2ccccc12)c1ccc(O)cc1,-2.9010000000000002
CCC1(CCC(=O)NC1=O)c1ccccc1,-2.3369999999999997
CCCC(C)C1(CC=C)C(=O)NC(=S)NC1=O,-3.458
CCCCC1(CC)C(=O)NC(=O)NC1=O,-1.6380000000000001
NS(=O)(=O)c1cc(ccc1Cl)C1(O)NC(=O)c2ccccc12,-3.451
ClC1(Cl)C(Cl)=C(Cl)C(Cl)=C1Cl,-5.181
CCC(Br)(CC)C(=O)NC(N)=O,-2.676
CC(O)(CC)CC,-0.38
CCC(C)(O)C#C,0.115
COS(=O)(=O)OC,-0.654
OC(=O)C(O)(CC(O)=O)CC(O)=O,0.489
CCOC(=O)C(O)(CC(=O)OCC)CC(=O)OCC,-0.603
CC(CC)(CC)OC(N)=O,-1.56
CCOP(=O)(OCC)OCC,0.439
CCCC(C)(COC(N)=O)COC(=O)NC(C)C,-2.938
CCCCSP(=O)(SCCCC)SCCCC,-5.6339999999999995
CC1CC(C)(C)CC(=O)C=1,-1.061
CC(C)=CCCC(C)(O)C=C,-1.9869999999999999
CC(Br)CBr,-2.141
CC(C)CBr,-2.432
CCC(C)C,-3.1630000000000003
CC(=C)C=C,-2.0340000000000003
CC(C)CN,1.136
CC(C)CO,0.059000000000000004
CC(C)C=O,0.091
CC(=C)C=O,-0.039
CCC(C)Cl,-1.966
CC(Cl)CCl,-1.6059999999999999
C=C(Cl)CCl,-1.713
CCC(C)O,0.38799999999999996
CCC(C)=O,0.49
ClCC(Cl)Cl,-1.48
ClC=C(Cl)Cl,-2.077
C=CC(N)=O,0.9540000000000001
NC(=O)CCl,-0.017
CCC(O)=O,1.13
OC(=O)CCl,0.9279999999999999
CNC(C)=O,1.136
COC(C)=O,0.516
CC[N+]([O-])=O,-0.203
BrC(Br)C(Br)Br,-2.7319999999999998
CC(C)C(C)C,-3.583
CC(C)C(O)=O,0.278
ClC(Cl)C(Cl)Cl,-1.754
CC(=C)C(O)=O,0.013999999999999999
OC(=O)C(Cl)Cl,0.89
CC(C)[N+]([O-])=O,-0.615
Nc1ccc(cc1)S(=O)(=O)c1ccc(cc1)NCCO,-2.597
CC(C)(c1ccc(O)cc1)c1ccc(O)cc1,-3.279
Nc1ccc(cc1)S(=O)(=O)c1ccc(N)cc1,-2.815
COc1ccc(NS(=O)(=O)c2ccc(N)cc2)[n][n]1,-3.28
CC(C)(CC)c1ccc(O)cc1,-2.99
CC(C)(O)C1CCC(C)(O)CC1,-1.6340000000000001
CC(=C)C(=O)OC,-0.8240000000000001
CN1C(c2ccc(Cl)cc2)S(=O)(=O)CCC1=O,-2.039
O=C1NS(=O)(=O)c2ccccc12,-1.661
CC(CCC(O)=O)C1CCC2C3C(CC(O)C21C)C1(C)CCC(O)CC1CC3O,-3.3680000000000003
CC(=O)CC(C1=C(O)c2ccccc2OC1=O)c1ccccc1,-4.2589999999999995
OC(=O)c1ccccc1C(c1ccc(O)cc1)c1ccc(O)cc1,-3.263
[O-][N+](=O)c1c(Cl)c(Cl)c(Cl)c(Cl)c1Cl,-5.817
[O-][N+](=O)c1c(O)c(cc(c1O)[N+]([O-])=O)[N+]([O-])=O,-1.662
CN1CCN(CC1)C(c1ccccc1)c1ccccc1,-2.426
CC(C)(C)C(=O)C1C(=O)c2ccccc2C1=O,-4.107
C1Cc2cccc3cccc1c23,-4.5969999999999995
Cc1c[nH]c2ccccc21,-2.421
CC1CC2C(C(O)CC3(C)C2CCC3(O)C(=O)CO)C2(C)C=CC(=O)C=C21,-3.4939999999999998
CC(CCC(O)=O)C1CCC2C3CCC4CC(O)CCC4(C)C3CC(O)C21C,-3.9539999999999997
Oc1cccc2c1cccc2O,-2.987
CN1c2[n]c[n](C)c2C(=O)NC1=O,-2.737
c1ccccc1-c1ccccc1-c1ccccc1,-5.269
CCC(C(CC)c1ccc(O)cc1)c1ccc(O)cc1,-4.353
O=C1c2ccccc2C(=O)c2ccccc12,-5.188
CCOC(=O)c1ccccc1C(=O)OCC,-2.313
CC(C)COC(=O)c1ccccc1C(=O)OCC(C)C,-4.652
CCCCOC(=O)c1ccccc1C(=O)OCCCC,-4.395
COc1c2C=CC(=O)Oc2cc2OC(C)(C)C=Cc21,-3.81
c1cc2ccccc2c2ccccc21,-5.19
c1cccc2c3ccc[n]c3ccc21,-3.3569999999999998
OC(=O)Cc1c(Cl)c(Cl)ccc1Cl,-3.0780000000000003
[O-][N+](=O)c1cccc(c1O)C(O)=O,-2.149
O=C1NC(=O)c2ccccc12,-2.611
O=C1OC(=O)c2ccccc12,-1.3780000000000001
CCCCOC(=O)c1ccccc1C(=O)OCc1ccccc1,-5.065
Cc1cc(ccc1)NC(=O)c1ccccc1C(O)=O,-2.407
Nc1ccc2ccccc2c1N=Nc1ccccc1,-5.916
O=NN(c1ccccc1)c1ccccc1,-3.753
COP(=S)(OC)SCN1N=Nc2ccccc2C1=O,-4.181
[O-][N+](=O)c1cccc2ccccc21,-4.276
C1c2ccccc2-c2ccccc21,-4.944
c1cccc2[nH]c3ccccc3c21,-4.968
OC(=O)Cc1cccc2ccccc21,-2.647
NC(=S)Nc1cccc2ccccc21,-2.528
CN1C2CC(CC1CC2)OC(=O)C(O)c1ccccc1,-1.44
Oc1ccccc1C(=O)Nc1ccccc1,-3.589
CC(C)CCOC(=O)c1ccccc1O,-3.157
[O-][N+](=O)OC1COC2C1OCC2O[N+]([O-])=O,-2.633
COc1c(Cl)cc(Cl)cc1Cl,-4.325
OC(=O)Cc1c[nH]c2ccccc21,-2.0669999999999997
Clc1c(Cl)cccc1Cl,-4.003
Oc1c(Cl)cccc1Cl,-1.933
Oc1c(O)cccc1O,0.604
ClC(Cl)=C(Cl)C(Cl)=C(Cl)Cl,-4.9110000000000005
OC(CO)C(O)C(O)C(=O)CO,0.301
Cc1c(C)c(C)c(C)c(C)c1C,-5.8389999999999995
Oc1c(Cl)c(Cl)c(Cl)c(Cl)c1Cl,-4.279
OC1C(O)C(O)C(O)C(O)C1O,-0.1
OC(C(O)CO)C(O)CO,0.625
Cc1cc(O)cc(C)c1Cl,-2.7969999999999997
Oc1c(Cl)cc(Cl)cc1Cl,-2.392
CCC(CC)C(O)=O,-0.81
OC(=O)c1cc[s]c1,-1.474
OC(=O)c1ccco1,-0.48
Cc1ccccc1S(N)(=O)=O,-2.024
OC(=O)c1ccccc1I,-2.7310000000000003
Cc1ccccc1[N+]([O-])=O,-2.324
[O-][N+](=O)c1ccccc1Cl,-2.8960000000000004
Nc1ccccc1[N+]([O-])=O,-1.973
[O-][N+](=O)c1ccccc1O,-1.745
CCC(C)c1cc(cc(c1O)[N+]([O-])=O)[N+]([O-])=O,-3.665
[O-][N+](=O)c1cc(c(Cl)c(c1)[N+]([O-])=O)[N+]([O-])=O,-2.6689999999999996
[O-][N+](=O)c1cc(c(O)c(c1)[N+]([O-])=O)[N+]([O-])=O,-1.256
OC(=O)c1ccccc1C(O)=O,-1.375
OC(=O)c1[n]cccc1C(O)=O,-1.182
OC(=O)c1cc(c(cc1C(O)=O)C(O)=O)C(O)=O,-1.2590000000000001
[O-][N+](=O)c1cc(Cl)ccc1Cl,-4.137
[O-][N+](=O)c1cc(Cl)c(Cl)cc1Cl,-3.887
CC(C)C1CCC(C)CC1O,-2.535
Cc1ccc(C(C)C)c(O)c1,-2.222
CCc1ccccc1O,-1.359
Oc1ccccc1CO,-0.295
COc1ccccc1O,-0.8220000000000001
Brc1cccc2ccccc21,-4.3469999999999995
Cc1cccc2ccccc21,-3.741
Clc1cccc2ccccc21,-3.971
Oc1cccc2ccccc21,-2.221
c1cccc2c(cccc21)Nc1ccccc1,-3.563
C1C2CC(CN3CCCCC32)C2CCCCN21,-1.8869999999999998
Oc1ccccc1-c1ccccc1,-2.386
OC(=O)C(O)c1ccccc1,0.075
OC(c1ccccc1)c1ccccc1,-2.549
COc1cccc(OC)c1O,-0.9520000000000001
C1CCCC2CCCCC21,-5.192
c1[n]c[n]c2[n]cc[n]c21,0.034
c1cccc2ccccc21,-3.616
c1cccc2[n]cccc21,-1.325
COc1ccccc1[N+]([O-])=O,-1.9569999999999999
Cc1cc2ccccc2cc1,-3.762
Clc1cc2ccccc2cc1,-4.143
O=C1C=Cc2ccccc2O1,-1.886
CCN(CC)c1ccccc1,-3.028
Nc1[n]c([n]c(N)[n]1)-c1ccccc1,-2.494
Nc1ccc(cc1Cl)-c1cc(Cl)c(N)cc1,-4.912
c1c(cccc1-c1ccccc1)-c1ccccc1,-5.183
c1c2cc3ccccc3cc2cc2ccccc21,-8.18
Oc1cc2ccccc2cc1O,-2.738
c1ccccc1-c1ccccc1,-4.3469999999999995
Brc1ccc(cc1)-c1ccccc1,-5.553
Oc1ccc(cc1)-c1ccccc1,-3.4810000000000003
c1cccc2Nc3ccccc3Sc21,-5.098
Nc1ccc(cc1)-c1ccc(N)cc1,-2.758
c1cc(ccc1-c1ccccc1)-c1ccccc1,-7.107
OC(=O)c1cc2ccccc2cc1,-3.5639999999999996
COc1ccccc1OCC(O)CO,-0.598
Cc1cc2[n]c(C)ccc2cc1,-1.944
CCC(=O)c1ccccc1,-1.827
COC(=O)c1ccccc1,-1.8119999999999998
COC(=O)c1ccc[n]c1,-0.46
Cc1cc(Cl)ccc1OC(C)C(O)=O,-2.539
C=CCN(CC=C)C(=O)CCl,-0.945
CC(Oc1cc(Cl)c(Cl)cc1Cl)C(O)=O,-3.5789999999999997
OC(=O)COc1cc(Cl)c(Cl)cc1Cl,-2.963
CCOC(=O)c1ccccc1,-2.319
CCOC(=O)c1ccc(N)cc1,-2.101
CCCOC(=O)c1ccc(N)cc1,-2.3280000000000003
CCCOC(=O)c1ccc(O)cc1,-2.557
CC(C)COC(=O)c1ccc(N)cc1,-2.944
CCc1[n][n]c(NS(=O)(=O)c2ccc(N)cc2)[s]1,-1.942
CCCNC(=O)NS(=O)(=O)c1ccc(Cl)cc1,-3.03
CCOc1ccc(cc1)C(=O)OCCN(CC)CC,-2.715
CCCCOC(=O)c1ccc(N)cc1,-2.755
CCCCOC(=O)c1ccc(O)cc1,-2.972
O=C(OOC(=O)c1ccccc1)c1ccccc1,-4.425
O=C(C=CC=Cc1cc2OCOc2cc1)N1CCCCC1,-3.853
Cc1cc(Cl)ccc1OCC(O)=O,-2.503
OC(=O)COc1ccc(Cl)cc1Cl,-2.5140000000000002
Cc1cc(Cl)ccc1OCCCC(O)=O,-3.678
OC(=O)CCCOc1ccc(Cl)cc1Cl,-3.6719999999999997
CCC(CO)C(O)CCC,-1.3869999999999998
CCN(CC)C(=S)SCC(=C)Cl,-3.35
c1cccc2[nH][n][n]c21,-0.779
c1cccc2[s]ccc21,-3.014
c1[n]c2ccccc2[s]1,-1.4969999999999999
Cc1ccccc1C,-2.7760000000000002
Cc1ccccc1O,-0.621
Cc1ccccc1Cl,-2.53
Clc1ccccc1Cl,-2.9739999999999998
Nc1ccccc1Cl,-1.194
Cc1ccccc1N,-0.81
Nc1ccccc1N,-0.428
Nc1ccccc1O,-0.737
Oc1ccccc1Cl,-1.056
Cc1cc(C)c(C)cc1,-3.324
Cc1cc(O)ccc1C,-1.409
Cc1cc(Cl)c(Cl)cc1,-3.792
Nc1cc(Cl)c(Cl)cc1,-3.2460000000000004
Cc1cc(O)c(C)cc1,-1.538
Cc1cc(C)c(C)cc1C,-4.586
Clc1cc(Cl)c(Cl)cc1Cl,-5.56
Oc1cc(Cl)c(Cl)cc1Cl,-2.2159999999999997
C1OC1c1ccccc1,-1.6030000000000002
ClCC(Br)CBr,-2.374
CC(CC)CC,-3.6830000000000003
CCC(=O)CC,-0.253
OC(CCl)CCl,-0.115
COC(=O)C=C,-0.24100000000000002
CC1CCCC1,-3.302
S=C1NCCN1,-0.708
CC1CCCO1,0.31
O=C1CCCO1,1.065
CC(OP(C)(=O)F)C(C)(C)C,-0.938
Nc1cc(cc(c1O)[N+]([O-])=O)[N+]([O-])=O,-2.153
Oc1ccc(Cl)cc1Cc1cc(Cl)ccc1O,-3.9530000000000003
COC1OC(CO)C(O)C(O)C1O,0.299
COc1cc(CC=C)ccc1O,-1.5619999999999998
CC(=C)C(=O)OCC,-1.325
C=C(CC(O)=O)C(O)=O,-0.22899999999999998
CCN(CC)C(=S)SSC(=S)N(CC)CC,-4.86
CC(C)C(=O)OCC(C)C,-2.403
CC(=C)C(=O)OCC(C)C,-2.039
CC(=C)C(=O)OCCCC,-2.25
CCC(CO)CC,-1.4069999999999998
OCc1ccco1,1.008
O=Cc1ccco1,-0.096
CC(C)(C)c1ccccc1,-3.658
ClC(Cl)(Cl)c1ccccc1,-3.5669999999999997
FC(F)(F)c1ccccc1,-2.511
NS(=O)(=O)c1ccccc1,-1.5630000000000002
CC(C)(C)c1cc(O)c(O)cc1,-1.92
CC(C)(C)c1ccc(O)cc1,-2.4130000000000003
CC1CCC(CC=1)C(C)(C)O,-1.889
CC(C)(C)c1ccc(cc1)C(O)=O,-3.804
OC(=O)C1CCC(=O)N1,0.5670000000000001
CC(C)c1ccccc1,-3.292
CC(=C)c1ccccc1,-3.008
CC(N)c1ccccc1,-0.46
CC(=O)c1ccccc1,-1.2919999999999998
ClC(Cl)c1ccccc1,-2.8089999999999997
OC(=O)C1CCCCC1,-1.445
NC(=O)c1ccc[n]c1,0.612
[O-][N+](=O)c1ccccc1,-1.77
NC(=O)c1c[n]cc[n]1,-0.914
Cc1cc(ccc1)C(O)=O,-2.1430000000000002
Nc1cc(ccc1)C(O)=O,-1.3659999999999999
Oc1cccc(c1)C(O)=O,-1.28
Cc1cc(ccc1)[N+]([O-])=O,-2.438
Nc1cc(ccc1)[N+]([O-])=O,-2.061
OC(=O)C(CC(O)=O)CC(O)=O,0.275
COC(=O)c1cc(O)c(O)c(O)c1,-1.24
Nc1c(Cl)cc(cc1Cl)[N+]([O-])=O,-4.471
[O-][N+](=O)c1cc(cc(c1)[N+]([O-])=O)C(O)=O,-2.1959999999999997
[O-][N+](=O)c1cc(cc(c1)[N+]([O-])=O)[N+]([O-])=O,-2.885
CC1=CCC(CC1=O)C(C)=C,-2.063
Oc1cc(ccc1O)C(O)=O,-0.9279999999999999
[O-][N+](=O)c1cc(Cl)c(Cl)cc1,-3.201
[O-][N+](=O)c1cccc(c1)C=O,-1.9669999999999999
[O-][N+](=O)c1cc(ccc1)[N+]([O-])=O,-2.499
CCCC(CCC)C(O)=O,-1.858
CCC(C)c1ccc(O)cc1,-2.194
COC(=O)c1ccc(O)cc1,-1.784
Cc1ccc(cc1)C(C)C,-3.759
CC(=O)c1ccc(N)cc1,-1.6059999999999999
CC(=O)c1ccc(O)cc1,-1.138
Cc1ccc(cc1)C(O)=O,-2.603
Oc1ccc(cc1)C(O)=O,-1.4409999999999998
Cc1ccc(cc1)N(C)C,-2.318
Cc1ccc(cc1)[N+]([O-])=O,-2.492
[O-][N+](=O)c1ccc(Cl)cc1,-2.845
Nc1ccc(cc1)[N+]([O-])=O,-2.278
[O-][N+](=O)c1ccc(O)cc1,-1.079
COc1ccc(cc1)C(O)=O,-2.458
COc1ccc(cc1)[N+]([O-])=O,-2.414
[O-][N+](=O)c1ccc(cc1)[N+]([O-])=O,-3.387
OC(=O)c1ccc(c[n]1)C(O)=O,-2.13
C=CC1CC=CCC1,-3.335
CCc1ccccc1,-2.798
C=Cc1ccccc1,-2.526
ClCc1ccccc1,-2.3819999999999997
NCc1ccccc1,0.97
N#Cc1ccccc1,-1.712
OCc1ccccc1,-0.43200000000000005
O=Cc1ccccc1,-1.208
OCc1c[n]ccc1,0.9620000000000001
CNc1ccccc1,-1.28
NNc1ccccc1,0.07
ONc1ccccc1,-0.737
COc1ccccc1,-2.017
CSc1ccccc1,-2.39
CCc1cccc[n]1,0.501
O=NN1CCCCC1,-0.174
Cc1cc(C=C)ccc1,-3.123
Oc1cc(C=O)ccc1,-0.647
Clc1ccccc1Nc1[n]c(Cl)[n]c(Cl)[n]1,-4.537
CC(C)OC(=O)Nc1cccc(Cl)c1,-3.38
O=C(Nc1cc(Cl)ccc1)OCC#CCCl,-4.37
CN(C)C(=O)Nc1ccccc1,-1.61
Nc1ccc(Cc2ccc(N)cc2)cc1,-2.2969999999999997
C(c1ccccc1)c1ccccc1,-4.077
c1ccccc1Oc1ccccc1,-3.9760000000000004
CCCN(CCC)CCC,-2.282
CC(=O)OC(COC(C)=O)COC(C)=O,-0.575
CCCCN(CCCC)CCCC,-3.116
C(Cc1ccccc1)c1ccccc1,-4.627
c1ccccc1C=Cc1ccccc1,-5.792999999999999
c1ccccc1N=Nc1ccccc1,-4.454
CCOC(=O)C=Cc1ccccc1,-2.9960000000000004
C(OCc1ccccc1)c1ccccc1,-3.695
CCCc1ccccc1,-3.362
O=CNc1ccccc1,-0.6779999999999999
CCOc1ccccc1,-2.332
OC(=O)Cc1ccccc1,-0.914
CC(=O)Nc1ccccc1,-1.29
NC(=S)Nc1ccccc1,-1.79
CC(=O)Nc1ccc(O)cc1,-1.033
COc1ccc(C=CC(=O)OCCOCC)cc1,-2.699
OCC(O)COc1ccc(Cl)cc1,-1.307
CC=Cc1ccc(cc1)OC,-3.1260000000000003
CCCCc1ccccc1,-4.056
O=CC=Cc1ccccc1,-1.969
CCCCC(CN)CC,-1.713
CCCCC(CO)CC,-2.27
Cc1ccc(C=O)cc1,-1.724
OC(=O)C=Cc1c[nH]c[n]1,-1.964
CCc1ccc(CC)cc1,-3.733
CCCC(C)CO,-1.2309999999999999
CCC(=O)OCC,-0.726
CCOC(=O)NC,0.826
CC(=O)CC(=O)OC,0.634
CCC(C)OC(C)=O,-1.273
CCOC(=O)CC(=O)OCC,-0.8390000000000001
CCOC(=O)CCC,-1.275
CCOC(=O)CC#N,-0.753
CC(OCC)OCC,-0.429
CCOC(=O)OCC,-0.7979999999999999
O=C1CCCCCN1,0.8340000000000001
CCCOC(=O)CCC,-1.905
Cc1cc(C)c(O)cc1,-1.1909999999999998
CCCCCCC(=O)OCC,-2.737
CCCCCCCC(=O)OCC,-3.391
CCCCC(=O)CC,-0.902
CCC(=O)OCCC,-1.34
Brc1ccc(Br)cc1,-4.072
Cc1ccc(Br)cc1,-3.1919999999999997
Clc1ccc(Br)cc1,-3.63
Oc1ccc(Br)cc1,-1.092
Cc1ccc(C)cc1,-2.8160000000000003
Cc1ccc(Cl)cc1,-3.077
Cc1ccc(O)cc1,-0.7020000000000001
Clc1ccc(Cl)cc1,-3.2569999999999997
Nc1ccc(Cl)cc1,-1.515
Oc1ccc(Cl)cc1,-0.7290000000000001
Cc1ccc(N)cc1,-1.217
Nc1ccc(N)cc1,-0.466
O=C1C=CC(=O)C=C1,-0.9890000000000001
CC(C)COC(=O)C=C,-1.8530000000000002
CCCCCC(=O)OC,-1.9909999999999999
CCC1CO1,-0.086
ClCC1CO1,-0.147
C=CCOCC1CO1,0.092
BrCCBr,-1.656
CCCBr,-1.7009999999999998
C=CCBr,-1.5
CCCC,-2.978
CCC=C,-2.405
C=CC=C,-1.867
CCC#C,-1.275
C=CC=O,0.578
ClCCBr,-1.318
C=CCCl,-1.8840000000000001
ClCCCl,-1.065
OCCCl,1.094
CCCI,-2.201
CCCN,1.228
C=CCN,1.2429999999999999
CCC#N,0.272
C=CC#N,0.147
C=CCO,1.236
C#CCO,1.251
OCCO,1.207
COC=O,0.7040000000000001
NCCS(O)(=O)=O,-0.191
NC(=O)OCC(Cl)(Cl)Cl,-1.284
CC(C)CCBr,-2.887
CCCC(C)C,-3.74
CCCC(C)=O,-0.302
NC(=O)CC#N,0.18899999999999997
CCCC(O)=O,1.055
NCCC(O)=O,0.787
CNCC(O)=O,0.527
CCC[N+]([O-])=O,-0.774
CC(=O)OC=C,-0.634
CC(C)CC(C)C,-4.261
CC(C)CC(C)=O,-0.722
CC(C)CC(C)O,-0.795
CC(C)NC(C)C,0.036000000000000004
CC(C)OC(C)C,-1.7080000000000002
CC(C)OC(C)=O,-0.519
CC(=O)OC(C)=O,0.07
C=C1C=CC(=O)O1,-0.983
CC1COC(=O)O1,0.23399999999999999
Brc1cc(Br)ccc1,-3.543
Clc1cc(Br)ccc1,-3.21
Cc1cc(C)ccc1,-2.819
Cc1cc(O)ccc1,-0.6779999999999999
Nc1cc(Cl)ccc1,-1.3730000000000002
Oc1cc(Cl)ccc1,-0.6940000000000001
Cc1cc(N)ccc1,-0.8540000000000001
Nc1cc(N)ccc1,0.34299999999999997
Oc1cc(O)ccc1,0.8140000000000001
Cc1cc(C)[n]cc1,0.514
Cc1cccc(C)[n]1,0.447
CC(CCl)OC(C)CCl,-2.003
CCOC(=O)CC(C)C,-1.652
COCC(C)OC(C)=O,0.17600000000000002
Cc1cc(C)cc(C)c1,-3.397
Cc1cc(O)cc(C)c1,-1.399
Clc1cc(Cl)cc(Cl)c1,-4.48
Oc1cc(O)cc(O)c1,-1.075
Cc1cc(C)[n]c(C)c1,-0.539
CC(C)CC(O)CC(C)C,-2.1590000000000003
CC(C)CC(=O)CC(C)C,-1.7309999999999999
CC(C)CC(C)OC(C)=O,-2.045
BrC1CCCCC1,-2.294
Brc1ccccc1,-2.5469999999999997
CC1CCCCC1,-3.7880000000000003
Cc1ccccc1,-2.2430000000000003
Cc1cc[n]cc1,1.031
Clc1ccccc1,-2.354
NC1CCCCC1,1.004
OC1CCCCC1,-0.377
O=C1CCCCC1,-0.594
Oc1ccccc1,-0.055999999999999994
Sc1ccccc1,-2.12
Cc1c[n]ccc1,1.031
Oc1c[n]ccc1,-0.456
CN1CCOCC1,0.995
Brc1cccc[n]1,-0.8809999999999999
Cc1cccc[n]1,1.031
CC1CNCCN1,0.638
Cc1c[n]cc[n]1,1.026
Clc1cccc[n]1,-0.754
CC(=C)C(=O)OCCOCCOCCOC(=O)C(C)=C,-1.901
CCCC(=O)OCCCC,-2.46
CCCCC(O)=O,-0.41600000000000004
C=CCNC(N)=S,-0.294
CC(C)OCCO,0.982
CCCOC(C)=O,-0.733
BrCCCBr,-2.075
CCCCBr,-2.198
CCCCC,-3.278
CCCC=C,-2.676
CC=CCC,-2.538
CCCCCl,-1.925
ClCCCBr,-1.847
CCCCN,1.136
CCCC#N,-0.321
N#CCC#N,0.304
CCCCS,-2.1790000000000003
COCCO,1.119
COCOC,0.506
CCNCC,1.136
CCOC=C,-0.858
C=COC=C,-1.261
CCOC=O,0.076
c1ccc[nH]1,-0.17300000000000001
C1CCCO1,1.1420000000000001
c1ccco1,-0.833
c1ccc[s]1,-1.446
CC(C)(C)OOC(C)(C)C,-3.165
CC(C)CCC(C)=O,-1.325
OC(=O)CCC(O)=O,-0.152
CC(C)COC(C)=O,-1.266
CCCCCCCCCC(=O)OCC,-4.1
CCOC(=O)CCCCCCCCC(=O)OCC,-3.51
CCCCCCCCCC(=O)OC,-4.627
CCCCCC(C)=O,-1.4240000000000002
CC=CC=CC(O)=O,-1.652
CC(C)CCOC=O,-1.547
CCCCCBr,-3.075
CCCCCC,-3.958
CCCCCN,1.06
N#CCCC#N,0.204
CCCCC=O,-0.867
COCCOC,1.045
CCCOC=O,-0.603
CCOCCO,1.045
C1CCCCC1,-3.185
C1CCCC=C1,-2.5860000000000003
C1CNCCN1,1.065
c1cccc[n]1,1.102
C1OCOCO1,0.28800000000000003
C1CCCCN1,1.07
C1COCCN1,1.06
OC(=O)CCCC(O)=O,1.083
CC(O)CNCC(C)O,0.815
CCCCCCCC(=O)OC,-3.39
CCCCCCC(C)=O,-2.154
CCCCCCC(O)=O,-1.6640000000000001
CCOCCOC(C)=O,0.272
OC(=O)CCCCCC(O)=O,-0.506
OC(=O)CCSCCC(O)=O,-0.68
OC(=O)CCCCCCCCC(O)=O,-2.306
CCCCCCBr,-3.8080000000000003
CCCCCCN,-0.9259999999999999
CCCCCCO,-1.239
CCCCOC=C,-1.524
OCCNCCO,0.978
CCCOCCC,-1.319
ClCCOCCCl,-0.92
CC(=O)OCCOC(C)=O,0.086
CCCCCCCC,-5.2379999999999995
CCCCCCC=C,-4.437
N#CCCCCC#N,-0.131
CCCCCCCO,-1.8419999999999999
CCCCCCC=O,-1.9609999999999999
CCCCOCCO,0.927
CCCCCCCCBr,-5.063
CCCCCCCCC,-5.766
CCCCCCCCO,-2.3819999999999997
CCOCCOCCO,0.872
CCCCNCCCC,-1.439
COCCOCCOC,0.872
CCCCCCCCC(O)=O,-2.7460000000000004
NCCNCCNCCN,0.835
CCCCCCOCCO,-1.169
ClCCOCCOCCCl,-0.996
CCCCCCCCCCO,-3.6310000000000002
CCOCCOCCOCC,0.79
CCCCCCCCCCC(O)=O,-3.553
C=CCCCCCCCCC(O)=O,-3.398
CCCCCCCCCCCC,-6.41
CCCCOCCOCCCC,-1.94
CCCCCCCCCCCCO,-4.668
NCCNCCNCCNCCN,0.723
CCCCCCCCCCCCCCO,-5.854
CCCCOCCOCCOCCCC,-1.8619999999999999
CCCCCCCCCCCCCCCCCCO,-8.391
CNC(=O)Oc1ccccc1OC(C)C,-2.051
COC,0.884
CC(C)=C,-2.329
CC(C)(O)C#C,1.075
OCC(Cl)(Cl)Cl,-0.254
CC(C)(S(=O)(=O)CC)S(=O)(=O)CC,-1.9269999999999998
FC1(F)C(F)(F)C(F)(F)C1(F)F,-3.638
OC(c1ccc(Cl)cc1)(c1ccc(Cl)cc1)C(Cl)(Cl)Cl,-5.4479999999999995
C=CCC1(c2ccccc2)C(=O)NC(=O)NC1=O,-2.1519999999999997
OCC(CO)(CO)CO,-0.275
O=P(Oc1ccccc1)(Oc1ccccc1)Oc1ccccc1,-5.235
COP(=O)(Oc1ccccc1)Oc1ccccc1,-2.121
CS(=O)c1ccc(cc1)OP(=S)(OCC)OCC,-2.188
CCNC(=O)CSP(=S)(OC)OC,-1.4569999999999999
CNC(=O)ON=CC(C)(C)SC,-1.499
[O-][N+](=O)c1c(Cl)c(Cl)cc(Cl)c1Cl,-5.096
OC(=O)C(c1ccccc1)c1ccccc1,-3.2230000000000003
O=C1c2ccccc2C(=O)C(Cl)=C1Cl,-4.382
CCCCC(COC(=O)c1ccccc1C(=O)OCC(CCCC)CC)CC,-6.968
CN1CCN(CCCN2c3ccccc3Sc3ccc(cc23)C(F)(F)F)CC1,-4.524
Oc1ccccc1C(=O)Oc1ccccc1,-3.155
CC1OC=CC(=O)C=1O,-1.063
Clc1c(Cl)c(Cl)c(Cl)c(Cl)c1Cl,-7.662000000000001
Oc1c(Br)cc(Br)cc1Br,-3.674
Cc1ccccc1C(O)=O,-2.062
OC(=O)c1ccccc1Cl,-1.875
Nc1ccccc1C(O)=O,-1.5930000000000002
Cc1c(cc(cc1[N+]([O-])=O)[N+]([O-])=O)[N+]([O-])=O,-3.242
COc1ccc(cc1[N+]([O-])=O)[N+]([O-])=O,-3.1069999999999998
Cc1cc(c(O)cc1)[N+]([O-])=O,-2.384
COC(=O)c1ccccc1O,-1.3130000000000002
OC(C(=O)c1ccccc1)c1ccccc1,-2.85
O=C(c1ccccc1)c1ccccc1,-3.1239999999999997
C1CCCc2ccccc21,-3.452
c1[n]ccc2ccccc21,-1.456
CNc1ccccc1C(O)=O,-2.878
COc1cc(ccc1N)-c1cc(OC)c(N)cc1,-3.61
c1cc([n]c2ccccc21)-c1ccc2ccccc2[n]1,-5.4
OCCN(CCO)c1ccccc1,-0.735
c1c2ccccc2cc2ccccc21,-6.614
Oc1ccc(Cl)cc1Cc1ccccc1,-3.167
CC(Oc1ccc(Cl)cc1Cl)C(O)=O,-2.827
CCOC(=O)c1ccc(O)cc1,-2.309
O=Cc1cc2OCOc2cc1,-1.632
c1cccc2[nH]ccc21,-1.517
Oc1ccccc1O,0.622
Clc1cc(Cl)c(Cl)cc1,-3.569
Oc1ccc(Cl)cc1Cl,-1.5590000000000002
Cc1ccc(cc1[N+]([O-])=O)[N+]([O-])=O,-2.8289999999999997
COc1cc(C=O)ccc1O,-1.141
COc1cc(ccc1O)C(O)=O,-2.05
CCN(CC)CC,-0.138
CC(=O)Nc1ccc(cc1)S(N)(=O)=O,-1.607
CN(C)c1ccccc1,-1.922
[O-][N+](=O)c1cccc(Cl)c1,-2.761
CCOC(=O)C(CC(=O)OCC)SP(=S)(OC)OC,-3.364
CCCOC(=O)c1cc(O)c(O)c(O)c1,-1.7830000000000001
[O-][N+](=O)N1CN(CN(C1)[N+]([O-])=O)[N+]([O-])=O,-3.571
OC(=O)c1cc(ccc1)C(O)=O,-3.22
[O-][N+](=O)c1cc(ccc1)C(O)=O,-1.669
COC(=O)c1ccc(cc1)OC,-2.412
COc1[n]c(cc(NS(=O)(=O)c2ccc(N)cc2)[n]1)OC,-2.957
Cc1cc(ccc1[N+]([O-])=O)OP(=S)(OC)OC,-3.863
CN(C)C(=O)OC1CC(C)(C)CC(=O)C=1,-0.848
CCNc1[n]c(Cl)[n]c(NCC)[n]1,-4.5489999999999995
c1ccccc1Nc1ccccc1,-3.5039999999999996
CC(C)OC(=O)Nc1ccccc1,-3.0010000000000003
OC(=O)COc1ccccc1,-1.103
C(Oc1ccccc1)C1CO1,-1.796
OC(=O)COc1ccc(Cl)cc1,-2.29
OCCCc1ccccc1,-1.38
OCCOc1ccccc1,-0.7140000000000001
CCCCC(CCl)CC,-3.1719999999999997
CCc1ccc(O)cc1,-1.475
Oc1ccc(C=O)cc1,-0.976
COc1ccc(C=O)cc1,-1.5019999999999998
CCCC(=O)CCC,-1.5519999999999998
OC(=O)CCC(=O)OOC(=O)CCC(O)=O,-0.847
CCOC(=O)CCC(=O)OCC,-0.96
CCCCCCCCC(=O)OCC,-3.8
Nc1ccc(O)cc1,-0.8340000000000001
Oc1ccc(O)cc1,-0.184
O=C1C=CC(=O)NN1,-1.271
CCC=O,0.722
CC(C)CCO,-0.519
CC(=O)CC(C)=O,0.22
O=C1CCC(=O)N1,0.29600000000000004
CC1OC(C)OC(C)O1,-0.07200000000000001
CCCCCC(=O)OCC,-2.36
CCCC=O,-0.006999999999999999
CC=CC=O,0.33
C1CCCN1,1.148
CCCCOC(C)=O,-1.141
C1COCCO1,1.055
CC(C)CCOC(C)=O,-1.814
OC(=O)CCCCCCCC(O)=O,-1.8940000000000001
C=CCNCC=C,-0.053
OC(=O)CCCCC(O)=O,-0.6759999999999999
CCCCCCCC(O)=O,-2.262
NCCCCCCN,0.935
CCCCCCCC=C,-5.052
CCCCCCCC=O,-2.36
CCCCOCCOCCOC(C)=O,-0.49700000000000005
CCCCCCCCC=O,-3.1710000000000003
CNC,1.558
ClC(Br)Br,-1.919
FC(Br)C(F)(F)F,-1.901
CC12C=CC(=O)C=C1CCC1C3CC(O)C(O)(C(=O)CO)C3(C)CC(O)C21F,-3.693
CCC1(C(=O)NCNC1=O)c1ccccc1,-2.64
CC(=O)c1c2OC3=CC(=O)C(C(=O)C3(C)c2c(O)c(C)c1O)C(C)=O,-3.537
COC1=CC(=O)CC(C)C21Oc1c(Cl)c(cc(OC)c1C2=O)OC,-4.611000000000001
[O-][N+](=O)C(CO)(CO)CO,0.821
C#CC1(CCCCC1)OC(N)=O,-1.825
CCCCOP(=O)(OCCCC)OCCCC,-2.978
CCSCCSP(=O)(OCC)OCC,-2.1109999999999998
CC(=C)C#N,-0.42200000000000004
NC(=O)NO,1.119
ClC(Cl)=C(Cl)Cl,-2.9189999999999996
CC(=O)N(C)C,1.06
CC(CCC(O)=O)C1CCC2C3C(CCC21C)C1(C)CCC(O)CC1CC3O,-3.9665
COc1c2C(=O)OC(C3c4c(OC)c5OCOc5cc4CCN3C)c2ccc1OC,-3.139
Nc1ccc(N)c2c1C(=O)c1ccccc1C2=O,-5.859
c1cc2cccc3ccc4cccc1c4c32,-6.176
CCCCC1C(=O)N(c2ccccc2)N(c2ccc(O)cc2)C1=O,-3.733
COC(=O)c1ccccc1C(=O)OC,-1.686
CCCOC(=O)c1ccccc1C(=O)OCCC,-3.365
C=CCOC(=O)c1ccccc1C(=O)OCC=C,-3.1310000000000002
CN(C)CCc1cc2OCOc2c(OC)c1CC(=O)c1ccc(OC)c(OC)c1C(O)=O,-2.535
[O-][N+](=O)c1cc(cc(C2CCCCC2)c1O)[N+]([O-])=O,-4.249
Oc1ccc2ccccc2c1N=O,-2.238
Oc1c2ccccc2ccc1N=O,-2.54
OC(=O)c1cc([n]c2ccccc21)-c1ccccc1,-3.193
c1cccc2oc3ccccc3c21,-4.734
c1cccc2[s]c3ccccc3c21,-5.098
OC(=O)c1ccccc1C(=O)Nc1cccc2ccccc21,-3.1630000000000003
Oc1cc2ccccc2c(O)c1,-1.949
O=C1C2CC=CCC2C(=O)N1SC(Cl)(Cl)Cl,-4.77
Nc1cc(O)c(cc1)C(=O)Oc1ccccc1,-4.515
Cc1c(Cl)c(O)cc(C)c1Cl,-2.98
NS(=O)(=O)c1cc2c(cc1Cl)NC(NS2(=O)=O)C(Cl)Cl,-2.677
Nc1cc(Cl)cc(C(O)=O)c1Cl,-2.469
Nc1cccc2ccccc21,-1.925
CCc1ccccc1CC,-3.2760000000000002
NS(=O)(=O)c1cc2c(cc1C(F)(F)F)NCNS2(=O)=O,-3.043
Oc1cc2ccccc2cc1,-2.281
Nc1ccc(cc1)-c1ccc(Cl)cc1,-4.638999999999999
CCC(C)c1ccccc1,-3.8819999999999997
CCCCOC(=O)c1ccccc1,-3.48
CCCCCCc1ccc(O)cc1O,-2.589
Cc1cc(N)c(C)cc1C,-1.955
CCC(C)CO,-0.47200000000000003
CCN(CC(=O)Nc1c(C)cccc1C)CC,-1.757
CCCCOC(=O)C(C)O,-0.563
OC(=O)C1CC(O)C(O)C(O)C=1,-0.065
CC1CCC(CC=1)C(C)=C,-4.093999999999999
CC(C)Nc1[n]c(Cl)[n]c(NC(C)C)[n]1,-4.427
Oc1cc(C=O)ccc1O,-0.441
CCNC(=O)Nc1[n]cc([s]1)[N+]([O-])=O,-2.858
OC(=O)C=Cc1ccccc1,-2.4245
CC(=O)OCc1ccccc1,-1.685
COc1ccc(CC=C)cc1,-2.92
CCOC(=O)C=C,-0.8240000000000001
CCOC(=O)CCCCC(=O)OCC,-1.68
CCCCOC(=O)C=C,-1.807
NCCO,1.214
CC(=CC(=O)N(C)C)OP(=O)(OC)OC,0.625
OC(=O)CCI,-0.43
CCOC(C)=O,-0.042
CC(C)=CC(C)=O,-0.531
OC(=O)CC(O)=O,0.865
CCc1cc(CC)ccc1,-3.748
CC(=O)CC(=O)OCC,-0.073
ClCCCCl,-1.614
C1CCC=C1,-2.105
CCCCCC(O)=O,-1.052
C1CCCCO1,-0.031
CCCCCCC,-4.468999999999999
CCCNCCC,-0.237
CCCCCCOC(C)=O,-2.451
CCCCOCCCC,-2.638
CCCCCCCCCCCC(O)=O,-3.5610000000000004
CCCCCCCCCO,-3.013
Oc1ccc(cc1)C1(OS(=O)(=O)c2ccccc12)c1ccc(O)cc1,-2.6630000000000003
CC(=O)NS(=O)(=O)c1ccc(N)cc1,-1.234
Cc1[n][n]c(NS(=O)(=O)c2ccc(N)cc2)[s]1,-2.411
CC(=O)C1CCC2C3CC=C4CC(O)CCC4(C)C3CCC21C,-4.652
OC(=O)C1CCCN1,0.14800000000000002
Cc1c(cc(cc1C(N)=O)[N+]([O-])=O)[N+]([O-])=O,-2.352
Oc1cccc2ccc[n]c21,-2.417
OS(=O)(=O)OCCOc1ccc(Cl)cc1Cl,-0.06
Sc1[n]c2ccccc2[s]1,-3.182
OC(CO)C(O)CO,0.6990000000000001
CCCCC(CC)C(O)=O,-1.858
OC(=O)c1cc(O)c(O)c(O)c1,-1.155
Nc1ccc(cc1)C(O)=O,-1.351
CN(C)C(=O)Nc1ccc(Cl)cc1,-2.9360000000000004
CCOc1ccc(cc1)NC(N)=O,-2.173
COc1ccc(O)cc1,-0.49200000000000005
FC(F)(F)C(Cl)Br,-1.704
O=NN(CCCl)C(=O)NCCCl,-1.7280000000000002
c1cc2ccc3cccc4c3c2c2c3c4cccc3ccc21,-9.026
c1cc2cccc3c2c2c(cccc21)c1ccccc31,-7.843999999999999
c1ccc2c3c(cccc31)c1cccc3cccc2c31,-8.8
C1c2cccc3ccc4cccc1c4c32,-5.2379999999999995
c1cc2c(c3ccccc31)-c1cccc3cccc-2c31,-8.004
c1c2c3c(cccc3-c3ccccc3-2)c2ccccc21,-8.226
c1ccc2c3c(cccc31)-c1ccccc1-2,-5.891
c1c2-c3cccc4cccc(c43)-c2cc2ccccc21,-8.499
c1ccc2C=Cc3cccc1c32,-3.9760000000000004
c1c2c3ccccc3c3ccccc3c2cc2ccccc21,-8.24
c1cccc2c1c1ccccc1c1ccccc12,-6.745
c1cc2c3ccccc3ccc2c2ccccc21,-8.057
c1c2ccc3ccccc3c2cc2c3ccccc3ccc21,-8.432
c1[n]c2ccccc2c2ccccc21,-2.7760000000000002
C1c2c3ccccc3ccc2-c2ccccc21,-6.678
C1c2ccccc2-c2cc3ccccc3cc21,-8.033999999999999
c1[n][n]cc2ccccc21,-0.415
c1c2ccccc2[n]c2ccccc21,-3.6689999999999996
c1cccc2Oc3ccccc3Oc21,-5.311
c1[n][nH]c2ccccc21,-2.155
c1[n]c2ccccc2o1,-1.155
C1CN2CCN1CC2,0.603
C1CCCC1,-2.653
c1ccc[n][n]1,1.0959999999999999
c1[n]ccc[n]1,1.0959999999999999
C1CCCCCC1,-3.515
C1CCCCCCC1,-4.152
CCOP(=S)(Oc1c[n]cc[n]1)OCC,-2.338
COP(=S)(Oc1ccc(cc1)[N+]([O-])=O)OC,-3.844
CCSCSP(=S)(OCC)OCC,-3.717
CCSCCOP(=S)(OCC)OCC,-3.634
CCSCCSP(=S)(OCC)OCC,-4.226
COc1c2OC(=O)C=Cc2cc2ccoc21,-3.657
CC(NC)C(O)c1ccccc1,-0.415
COP(=S)(Oc1cc(Cl)c(Cl)cc1Cl)OC,-5.507000000000001
COP(=S)(NC(C)C)Oc1ccc(Cl)cc1Cl,-4.798
COP(=O)(NC)Oc1ccc(cc1Cl)C(C)(C)C,-3.1639999999999997
COP(=O)(OC(Br)C(Cl)(Cl)Br)OC,-2.28
CC(N)C(O)=O,0.27
OC(=O)c1c(O)cccc1O,-1.207
ClC1(Cl)C2(Cl)C3C4CC(C=C4)C3C1(Cl)C(Cl)=C2Cl,-7.332000000000001
CCOP(=O)(Oc1ccc(cc1)[N+]([O-])=O)OCC,-2.059
CC1NC(=O)N(C(C)CC)C(=O)C=1Br,-2.506
CN(C)c1c(C)cc(cc1C)OC(=O)NC,-3.347
Oc1[n]c[n]c2[nH][n]cc21,-2.379
Fc1cc(F)c(F)cc1F,-2.376
CCP(=S)(Oc1cc(Cl)c(Cl)cc1Cl)OCC,-5.752000000000001
[O-][N+](=O)c1ccc(cc1O)[N+]([O-])=O,-2.68
CN(C)C(=O)Nc1cc(Cl)c(Cl)cc1,-3.7439999999999998
CON(C)C(=O)Nc1cc(Cl)c(Cl)cc1,-3.5210000000000004
Cc1cc([n]c([n]1)C(C)C)OP(=S)(OCC)OCC,-3.8810000000000002
CCCCCCCCCC(O)=O,-3.445
CCCCNC(=O)NS(=O)(=O)c1ccc(N)cc1,-2.178
Fc1ccccc1CCl,-2.541
Fc1ccccc1Cl,-2.416
Fc1ccc(CCl)cc1,-2.544
Fc1ccc(I)cc1,-3.1260000000000003
CCSCC,-1.46
COc1cc2c(cc1OC)N1C3C4C(CC1=O)OCC=C1CN5CCC23C5CC14,-2.0909999999999997
COc1cc(N)c(Cl)cc1C(=O)NCCN(CC)CC,-3.176
c1ccc[n]c1-c1cccc[n]1,-1.421
Fc1ccccc1F,-2.0
OCCF,1.193
Fc1cc(F)ccc1,-2.0
[O-][N+](=O)c1cc(ccc1O)C(F)(F)F,-2.503
C=COCC(F)(F)F,-1.4780000000000002
CC(=O)C1(O)CCC2C3CC(C)C4=CC(=O)C=CC4(C)C3(F)C(O)CC12C,-4.099
CC(=O)C(C)=O,0.366
CC12CCC3C(CCC4=CC(=O)CCC43C)C1CCC2(O)C#C,-5.6579999999999995
CC(CCC(O)=O)C1CCC2C3CCC4CC(O)CCC4(C)C3CCC21C,-6.0
CN1C(=O)CN=C(c2cc(Cl)ccc12)c1ccccc1,-3.755
CC(=O)NCc1c(I)c(NC(C)=O)c(I)c(C(O)=O)c1I,-2.3209999999999997
OC(=O)c1ccccc1F,-1.2890000000000001
[O-][N+](=O)c1ccc(F)cc1O,-2.05
CCOc1cc2[s]c([n]c2cc1)S(N)(=O)=O,-3.81
OC(=O)c1cccc(F)c1,-1.97
OC(=O)c1ccc(F)cc1,-2.0669999999999997
Fc1cc(CCl)ccc1,-2.544
CCCC1CCCCN1,-0.8490000000000001
NC(=N)NC#N,-0.309
O=C1NCC(=O)N1,-0.402
Cc1[n]c(N)cc(C)[n]1,-1.284
Fc1ccccc1,-1.795
CCOCOCC,-0.17300000000000001
CC(C)(C)C,-3.3369999999999997
CC(O)C(C)(C)C,-0.624
CC1(C)C2CC(O)C1(C)CC2,-2.319
CC1OC(OC2CCC3(C)C4CCC5(C)C(CCC5(O)C4CCC3=C2)C2=COC(=O)C=C2)C(O)C(O)C1O,-3.955
CC1(C)OC2(C)CCC1CC2,-1.8869999999999998
CCOP(=O)(OC(=CCl)c1ccc(Cl)cc1Cl)OCC,-3.4619999999999997
Nc1ccc(cc1)S(=O)(=O)c1c[n]c(N)[s]1,-2.805
CC12CCC3c4ccc(O)cc4CC=C3C1CCC2=O,-5.279
COc1c(cc(cc1OC)C1C2C(COC2=O)C(O)c2cc3OCOc3cc21)OC,-3.617
C1Cc2c3c(cc4c5ccccc5ccc24)cccc31,-7.861000000000001
Nc1cccc2cccc(N)c12,-2.27
Oc1cc(O)c(cc1)C1Oc2cc(O)cc(O)c2C(=O)C=1O,-3.082
Cc1cc(C)c(C(O)=O)c(C)c1,-2.3569999999999998
CC1C(=O)C=CC2(C)CCC3C(OC(=O)C3C)C2=1,-3.09
OC(=O)c1ccccc1-c1ccccc1C(O)=O,-2.2840000000000003
CC(C)=CCc1c2OC(=O)C=Cc2ccc1OC,-4.309
Oc1[n]c2[n]cc[n]c2c(O)[n]1,-2.1180000000000003
OC1C(O)C(O)CC(O)C1O,-0.174
OC(=O)c1cc[n]cc1C(O)=O,-1.854
Oc1cc(C(O)=O)c(O)cc1,-1.489
C=C(C(O)=O)c1ccccc1,-2.057
C1CCCC(N1)c1c[n]ccc1,0.79
OC(=O)CNC(=O)c1ccccc1,-1.679
Oc1ccccc1C=NNC(=O)c1cc[n]cc1,-3.6830000000000003
C1CCc2ccccc21,-3.035
CC(CC(O)=O)C(O)=O,0.703
OC(=O)C(CC(O)=O)=CC(O)=O,0.45799999999999996
Cc1ccc(cc1O)C(C)C,-2.08
OC(=O)c1cc(cc[n]1)C(O)=O,-1.827
COP(=S)(Oc1cc(Cl)c(cc1)[N+]([O-])=O)OC,-3.872
OC(=O)CCc1ccccc1,-1.406
O=C(CCCl)NCc1ccccc1,-3.2960000000000003
CCCCC(=O)CCCC,-2.593
OS(=O)(=O)CS(O)(=O)=O,0.754
CC(C)CC(O)=O,-0.4
OC(=O)CCCCCCC(O)=O,-1.169
OC(=O)CCCCCCCCCCCC(O)=O,-2.2119999999999997
ClCCSCCCl,-2.363
OC(=O)C=CC=CC(O)=O,-2.852
CC(C)(C)Br,-2.359
CC(C)(C)Cl,-1.507
CC(C)(C)CC(=O)OCC(=O)C1(O)CCC2C3CCC4=CC(=O)CCC4(C)C3C(O)CC12C,-5.511
CCC1(C2CCCCCC=2)C(=O)NC(=O)NC1=O,-3.0010000000000003
CCOC(=O)C(O)(c1ccc(Cl)cc1)c1ccc(Cl)cc1,-4.512
COP(=O)(OC)OC,0.5529999999999999
CC=C(C)C,-2.56
CC(=C)C(C)=C,-2.4
CC(O)C(C)O,1.045
Cc1c[s]c(NS(=O)(=O)c2ccc(N)cc2)[n]1,-2.129
Cc1cc(NS(=O)(=O)c2ccc(N)cc2)[n]c(C)[n]1,-2.238
CC(C(O)=O)C(O)=O,0.76
CC12CCc3c4ccc(O)cc4ccc3C1CCC2=O,-5.244
CC(=O)C1CCOC1=O,0.193
COc1c(cc(cc1OC)C1C2C(Cc3c(O)c4OCOc4cc31)COC2=O)OC,-4.503
Oc1cc(O)c(C(=O)c2cc(O)c(O)cc2)c(O)c1,-1.72
CC(=O)C1C(=O)C=C(C)OC1=O,-1.226
COC1C=CN(C)C(=O)C=1C#N,-1.784
Nc1ccc(cc1)S(=O)(=O)Nc1cc[n][n]1-c1ccccc1,-2.3209999999999997
Cc1c(C)cccc1C,-3.2039999999999997
Cc1cccc(O)c1C,-1.4269999999999998
OCC(O)C(O)C(O)C(O)C(O)=O,0.207
Cc1cc(C)c(O)c(C)c1,-2.055
CC(=O)c1ccc(O)c(O)c1O,-2.022
[O-][N+](=O)c1ccccc1[N+]([O-])=O,-3.102
OC(=O)c1ccc(cc1C(O)=O)C(O)=O,-1.0
[O-][N+](=O)c1ccc(cc1[N+]([O-])=O)C(O)=O,-1.501
Oc1c2ccccc2cc2ccccc21,-4.7330000000000005
C=C(c1ccccc1)c1ccccc1,-4.436
OC(=O)c1ccccc1Nc1cc(ccc1)C(F)(F)F,-3.3
COc1ccccc1OCC(O)COC(N)=O,-0.985
CC(=O)Nc1ccccc1Cl,-1.4
CC(C)CC(=O)N(CC)CC,-0.595
OC(CI)CI,-1.3969999999999998
Cc1ccco1,-1.4369999999999998
Cc1cc(cc(c1O)[N+]([O-])=O)[N+]([O-])=O,-3.0
CC(C)(C)c1[n][n]c(NS(=O)(=O)c2ccc(N)cc2)[s]1,-3.74
OC(=O)c1cccc(Cl)c1,-2.541
Cc1cc([n]c(Cl)[n]1)N(C)C,-1.261
CC(C)c1ccc(cc1)C(O)=O,-3.036
C#Cc1ccccc1,-2.35
CCc1cc[n]cc1,0.8270000000000001
CCc1c[n]ccc1,0.5379999999999999
Cc1cccc(c1)NC(C)=O,-2.0909999999999997
NC(=O)NCc1ccccc1,-0.946
CN(C)CCc1ccc(O)cc1,-1.3730000000000002
OC(=O)C=Cc1ccco1,-1.839
CCCCC(=O)OCC,-1.77
CCOC(=O)NCC(C)C,-0.768
CCCC(=O)OCCCCC,-2.467
Fc1ccc(F)cc1,-1.9709999999999999
OCCBr,0.903
CCCCl,-1.4609999999999999
ClC=CCl,-1.442
CC(C)CC(C)(C)C,-4.746
CC(=O)OC(C)(C)C,-1.1440000000000001
CCCC(Cl)Cl,-2.4
CCCC(N)=O,0.272
CC(N)CC(O)=O,0.987
Clc1cc(Cl)ccc1,-3.07
CC(C)COC=O,-1.001
CCCCI,-2.96
ClC=CCCl,-2.045
CC(=O)NCC(O)=O,-0.649
CCCCCC(C)O,-1.551
CC(C)CCOCCC(C)C,-2.898
N#CCCCC#N,1.026
C1C=CC=CC=C1,-2.1719999999999997
CCCCCCCCCCCCCC(O)=O,-5.329
C=C1CCOC1=O,0.184
Oc1c(I)cc(c2ccc[n]c12)S(O)(=O)=O,-2.244
CCOC(=O)C(C1C(=O)Oc2ccccc2C=1O)C1C(=O)Oc2ccccc2C=1O,-3.426
Cc1ccc(C(C)C)c(O)c1C(O)=O,-3.2880000000000003
C[N+](C)=C1C=CC(C=C1)=C(c1ccc(cc1)N(C)C)c1ccc(cc1)N(C)C,-2.009
[O-][N+](=O)c1c(O)ccc2ccccc21,-2.9760000000000004
S=C=Nc1cccc2ccccc21,-4.602
NCCNc1cccc2ccccc21,-1.969
[O-][N+](=O)c1ccccc1C(O)=O,-1.328
CC(=O)Nc1ccccc1[N+]([O-])=O,-1.909
[O-][N+](=O)c1ccccc1C=O,-1.814
c1c[n]ccc1-c1cc[n]cc1,-1.538
CCCOc1ccc(cc1N)[N+]([O-])=O,-3.159
Nc1ccc(Cl)cc1Cl,-2.417
CC1C=NC(=O)NC=1N,-0.56
CCC(=O)OC,-0.15
[O-][N+](=O)c1cccc(O)c1,-1.013
COc1cc(ccc1)[N+]([O-])=O,-2.4859999999999998
[O-][N+](=O)c1ccc(cc1)C=O,-1.81
CCCCN(C)C(=O)Nc1cc(Cl)c(Cl)cc1,-4.758
NCC(=O)NCC(=O)NCC(O)=O,-0.51
OCC1CO1,1.13
CN=C=S,-0.983
CCCOC,-0.386
C=CCOCC=C,-0.02
BrC(Br)(Br)Br,-3.14
CS(=O)(=O)F,-0.515
CN1CCC23C4Oc5c2c(CC1C3C=CC4OC(C)=O)ccc5OC(C)=O,-2.7969999999999997
CC(C)(CC)CC,-4.229
CCOP(=S)(OCC)SCSP(=S)(OCC)OCC,-5.284
CC(C)C=C,-2.7319999999999998
CCC(C)=C,-2.7319999999999998
CC(C)C(C)=O,-0.151
CCC(C)C(C)(C)C,-4.678
CC(C)C(C)CC,-4.281000000000001
CC(CC)C(C)O,-0.722
CCC(C)C(C)=O,-0.6809999999999999
CC(C)C(O)CC,-0.706
CCC(=O)C(C)C,-0.81
CC(C(C)C)C(C)C,-4.696000000000001
CC(C)C(=O)C(C)C,-1.3019999999999998
COc1ccc2COC(=O)c2c1OC,-1.89
OC(=O)c1[nH]c[n]c1C(O)=O,-2.494
Cc1ccc(C)c2ccccc12,-4.137
Cc1cccc2c1cccc2C,-4.756
[O-][N+](=O)c1cccc(c1O)[N+]([O-])=O,-1.55
Cc1cc2ccccc2c(C)c1,-4.291
OC(=O)COc1c(Cl)cc(Cl)cc1Cl,-3.013
Oc1cccc(Cl)c1Cl,-1.656
Cc1cccc(C)c1O,-1.305
CC(=O)N(C)c1ccccc1,-0.951
CCc1cccc(CC)c1N,-2.3480000000000003
COc1ccccc1C(O)=O,-1.483
Oc1cc2ccc[n]c2cc1,-2.162
Cc1cc2ccccc2cc1C,-4.895
Cc1cc2ccc(C)cc2cc1,-4.893
Oc1cc2ccc(O)cc2cc1,-2.205
[O-][N+](=O)c1cc2ccccc2cc1,-4.273
Brc1ccccc1Br,-3.5
CC1CCCCC1C,-3.959333333333333
Cc1c[n]ccc1C,0.359
Cc1ccc[n]c1C,0.385
Oc1cc(Cl)ccc1Cl,-1.911
CCC(O)CC,-0.233
CC(=C)C(=O)OC(C)(C)C,-2.153
OC(=O)c1cccc(Br)c1,-2.699
[O-][N+](=O)c1cc(O)cc(c1)[N+]([O-])=O,-1.663
OC(=O)c1ccc(Br)cc1,-3.525
COCc1ccc(o1)[N+]([O-])=O,-1.155
CCCOC(=O)CN1C=C(I)C(=O)C(I)=C1,-3.5039999999999996
OC(=O)COc1cc(Cl)c(Cl)cc1,-2.685
Cc1ccc(CO)cc1,-1.2
CCC(C)CCC,-4.306
CCC(C)CCO,-1.376
CCC(=O)CCC,-0.833
CCCC(O)CCC,-1.393
CCCCC(C)CC,-5.159
Brc1ccc(I)cc1,-4.452
CC1CCC(C)CC1,-4.466
CC1CCC(O)CC1,-0.882
Cc1c[n]c(C)cc1,0.401
CCCCOC(=O)CC,-1.9380000000000002
CCCC(C)(C)C,-4.357
CCCC(C)(C)O,-0.499
CC1=CCC(=O)O1,-0.293
Cc1cc(Br)ccc1,-3.523
Oc1cc(Br)ccc1,-0.8759999999999999
CC1CC(=O)CCC1,-1.874
Nc1cc(O)ccc1,-0.607
Oc1cc(Cl)cc(Cl)c1,-1.5590000000000002
CC1CCCCC=1,-3.267
Ic1ccccc1,-2.778
CCCCC(C)C,-4.596
CCCCC(C)=O,-0.758
C=CCC=C,-2.0869999999999997
CC=CCCl,-1.9569999999999999
CCCCOC(N)=O,-0.657
CCCCC=C,-3.2260000000000004
C=CCCC=C,-2.687
CCCCCC=C,-3.7319999999999998
CC=CCCCC,-3.8160000000000003
CCCCOC=O,-1.131
CF,-0.17600000000000002
C=CBr,-1.275
CC(C)C(C)(C)O,-0.41100000000000003
CC(C)(C)C(C)(C)O,-0.723
CC(=O)C1(CCC2C3C=C(C)C4=CC(=O)CCC4(C)C3CCC12C)OC(C)=O,-5.284
CCC(C)(O)C(C)C,-0.85
CC(C)(C(O)=O)C(O)=O,-0.16699999999999998
CCS(=O)(=O)CC,0.043
CCC(O)(CC)CC,-0.84
CCC(C)(O)CCC,-1.001
CNC(N)=O,1.13
COC(C)C,-0.057
COC(N)=O,0.9640000000000001
CC(C)C(C)O,-0.19699999999999998
Cc1c[n]c(NS(=O)(=O)c2ccc(N)cc2)[n]c1,-2.82
CCC(Cl)[N+]([O-])=O,-1.189
CC(C)C(O)C(C)C,-1.22
CCC(C(O)=O)C(O)=O,0.732
CC(C)N(N=O)C(C)C,-1.001
[O-][N+](=O)c1c(O)cccc1O,-2.073
[O-][N+](=O)c1c2ccccc2cc2ccccc21,-6.292000000000001
[O-][N+](=O)c1cccc(c1C(O)=O)C(O)=O,-1.021
CC(C)OC(=O)c1ccccc1C(=O)OC(C)C,-2.877
Cc1c(cccc1[N+]([O-])=O)[N+]([O-])=O,-3.0
COc1c(cc(cc1[N+]([O-])=O)[N+]([O-])=O)[N+]([O-])=O,-3.085
[O-][N+](=O)c1cc2Cc3ccccc3-c2cc1,-5.99
Clc1c(Cl)c(Cl)cc(Cl)c1Cl,-5.479
Oc1ccc(C(O)=O)c(O)c1O,-2.231
[O-][N+](=O)c1cc(ccc1C(O)=O)[N+]([O-])=O,-1.067
Cc1cc(c(cc1)[N+]([O-])=O)[N+]([O-])=O,-3.26
Cc1ccccc1CC,-3.207
O=C1C=CNc2ccccc21,-1.4809999999999999
Cc1cc2cc3ccccc3cc2cc1,-6.956
Nc1cc2cc3ccccc3cc2cc1,-5.172000000000001
O=C(NC(=O)c1ccccc1)c1ccccc1,-2.273
OC(=O)COc1ccccc1Cl,-2.164
CC(=O)Nc1ccccc1O,-2.235
Cc1[nH]c2ccccc2[n]1,-1.96
CSc1[n]c2ccccc2[s]1,-3.161
Clc1ccccc1I,-3.532
Ic1ccccc1I,-4.217
Brc1cc(Br)c(Br)cc1,-4.498
Oc1ccc(Br)cc1Br,-2.123
CN1C=CC(=O)NC1=O,-0.8
CCC(Cl)CC,-2.63
CCC(O)C=C,0.02
CN(CC)CC,0.713
Cc1c[s]cc1,-2.39
O=C1CCCN1,1.07
CC(C)C(O)CCC,-1.32
NCc1ccco1,1.013
OC(=O)c1cccc(I)c1,-3.2710000000000004
Oc1cc(cc(c1)C(O)=O)C(O)=O,-2.4819999999999998
Cc1cc(ccc1C)C(O)=O,-3.0660000000000003
COC(=O)c1ccc(N)cc1,-1.597
CN(C)c1ccc(cc1)C(O)=O,-3.398
CCCN(CCC)N=O,-1.001
S=C=NCc1ccccc1,-3.136
Cc1ccc(CC)cc1,-3.103
Cc1ccc(C=C)cc1,-3.123
O=Cc1ccc(cc1)C=O,-2.827
CCC(O)CCC,-0.8029999999999999
CCCC(=O)OC,-0.833
CCCCC(O)CCCC,-2.49
Ic1ccc(I)cc1,-5.372000000000001
COC(=O)C=CC(=O)OC,-0.256
ICCI,-3.216
CC(C)(C)CCO,-0.5
CC(C)CC(C)(C)O,-0.961
CCCCC(C)(C)O,-1.078
CCCCCC(C)(C)O,-1.72
CCCC(C)Cl,-2.63
COCC(C)C,-0.9
[O-][N+](=O)CCO,1.041
CCOC(C)C,-0.551
CC(C)OC=O,-0.629
Clc1cc(I)ccc1,-3.532
Ic1cc(I)ccc1,-4.518
OC1=CC(=O)NC=C1,-1.25
Brc1cc(Br)cc(Br)c1,-5.6
Nc1cc(Cl)cc(Cl)c1,-2.315
CN1CCCCC1,0.226
CC(C)CCCO,-1.14
CCCCC(C)O,-0.873
CCCC[N+]([O-])=O,-1.351
CCCOC(C)C,-1.337
CCCOC(N)=O,-0.13
OCCCBr,0.009000000000000001
CCCC#C,-1.6369999999999998
OCCCCl,0.42200000000000004
CC(C)CCC(C)O,-1.38
CCCCOC,-0.99
CCOCCC,-0.845
C1C=CCC=C1,-2.059
CCCCCOC(C)=O,-1.8769999999999998
CCCCCC#C,-3.01
C1CCCCC=C1,-3.1630000000000003
[O-][N+](=O)OCCO[N+]([O-])=O,-1.35
CCCCCCCC(C)O,-2.7439999999999998
CCCCCCCBr,-4.431
CCCCCCC#C,-3.662
CCCCCCCCl,-3.9960000000000004
CCOCCOCC,-0.15
CCCCCCCCCCCCCC,-7.456
CCCCCCCCCCCCCCCO,-6.35
CN(C)C(=O)N(C)C,0.935
OC(=O)c1ccccc1S(O)(=O)=O,0.39299999999999996
Clc1ccc(Cl)c(Cl)c1Cl,-4.562
Clc1cc(Cl)c(Cl)c(Cl)c1,-4.627
Nc1c(Cl)cc(Cl)cc1Cl,-3.6910000000000003
Brc1cc(Br)c(Br)cc1Br,-6.992999999999999
CCC(=O)OC(C)C,-1.29
Clc1ccc(I)cc1,-4.0760000000000005
CCCCCCCCCCCCC(O)=O,-3.813
NC(=O)CF,1.113
Cc1ccc(cc1)-c1ccccc1,-4.618
CN(C)c1[n]c([n]c([n]1)N(C)C)N(C)C,-3.364
C1OCCO1,1.13
COc1c[n]c(NS(=O)(=O)c2ccc(N)cc2)[n]c1,-2.5839999999999996
Cc1ccc(cc1)S(=O)(=O)NC(=O)NC1CCCCC1,-4.207
CN(C)P(=O)(N(C)C)N(C)C,0.747
CN(N=O)C(N)=O,-0.855
C=CC#C,-1.464
CC(C)CC=C,-3.2439999999999998
CCCCC#C,-2.2769999999999997
OC(=O)CCCCCCCCCCC(O)=O,-3.76
CCCCCCCCC(C)=O,-3.3089999999999997
Clc1ccccc1Br,-3.2030000000000003
CN1C=CC=CC1=O,0.9620000000000001
Cc1c(C)c(C)cc(C)c1C,-3.9810000000000003
CCC(=O)Nc1cc(Cl)c(Cl)cc1,-2.986
Cc1cc(NS(=O)(=O)c2ccc(N)cc2)[n]o1,-2.6180000000000003
OC(=O)c1c2ccccc2cc2ccccc21,-3.417
Cc1oc(NS(=O)(=O)c2ccc(N)cc2)[n]c1C,-2.202
COP(=S)(OC)SCN1C(=O)c2ccccc2C1=O,-4.114
COc1c(cc(Cc2c[n]c(N)[n]c2N)cc1OC)OC,-2.861
CP(=O)(OC)OC,0.9059999999999999
CCN(N=O)C(N)=O,-0.955
CCSC(=O)N(CCC)CCC,-2.7030000000000003
CCCC(C)=C,-3.033
Cc1c2ccccc2cc2ccccc21,-5.867000000000001
Cc1c2ccccc2c(C)c2ccccc12,-6.566
CCOP(=S)(OCC)SCSc1ccc(Cl)cc1,-5.736000000000001
Clc1ccc(cc1)C(c1ccccc1Cl)C(Cl)(Cl)Cl,-6.62
CCOC(=O)CCCC(=O)OCC,-1.33
C=CC(=O)OCCO,0.935
C=CCCCO,-0.179
CCCCCCCC(C)=O,-2.5839999999999996
Cc1cc2cc(C)c(C)cc2cc1,-5.001
COc1ccc(cc1)C=CC(O)=O,-2.398
Cc1cccc2c3ccccc3ccc21,-5.854
CCNc1[n]c(NC(C)C)[n]c([n]1)SC,-3.037
COCCCNc1[n]c([n]c(NC(C)C)[n]1)SC,-2.928
OC1N=C(c2cc(Cl)ccc2NC1=O)c1ccccc1Cl,-3.6039999999999996
CC(=C)C(=O)OCCO,-0.114
CN1CCCC1=O,1.004
CCc1ccc[s]1,-2.585
[O-][N+](=O)c1cc(Cl)c(Cl)c(Cl)c1Cl,-4.553
[O-][N+](=O)c1cc(ccc1O)-c1ccccc1,-4.41
CCNc1[n]c(NC(C)(C)C)[n]c([n]1)SC,-3.985
CCCCN(CCCC)N=O,-2.096
CC(=O)OCCBr,-0.674
CCC#CCC,-2.167
O=NN1CCCC1,0.9990000000000001
O=NN1CCCCCC1,-1.001
Oc1c(Cl)c(Cl)ccc1Cl,-2.642
CN(Cc1ccccc1)N=O,-1.5219999999999998
CCc1cc2ccccc2cc1,-4.29
CCP(=S)(OCC)Sc1ccccc1,-4.159
COC1=NN(CSP(=S)(OC)OC)C(=O)S1,-3.2089999999999996
O=C(NCN1CCOCC1)c1c[n]cc[n]1,0.17600000000000002
COP(=S)(OC)SCSc1ccc(Cl)cc1,-5.294
CN(C)C(=O)C(c1ccccc1)c1ccccc1,-2.964
O=S1OCC2C(CO1)C1(Cl)C(Cl)=C(Cl)C2(Cl)C1(Cl)Cl,-5.902
COP(=O)(OC(=CCl)c1cc(Cl)c(Cl)cc1Cl)OC,-4.522
[O-][N+](=O)c1cc(ccc1Nc1ccccc1)[N+]([O-])=O,-3.8339999999999996
CCOc1ccc(NS(=O)(=O)c2ccc(N)cc2)[n][n]1,-2.427
CC(O)COC(=O)C=C,0.8859999999999999
C[N+](C)(C)CCCl,0.799
CNc1[n]c([n]c(NC(C)C)[n]1)SC,-2.5660000000000003
ClC1(Cl)C2(Cl)C3C4OC4C(Cl)C3C1(Cl)C(Cl)=C2Cl,-6.289
Fc1ccccc1Br,-2.695
Fc1cc(Br)ccc1,-2.6660000000000004
CCCCCCc1ccccc1,-5.255
CCCCCCOC(=O)c1ccc(O)cc1,-3.949
CCCCCCCOC(=O)c1ccc(O)cc1,-4.072
CC(C)(C)C(=O)OCC(=O)C1(O)CCC2C3CCC4=CC(=O)C=CC4(C)C3C(O)CC12C,-4.583
CC#CCCCC,-2.7710000000000004
Oc1cc2CCCCc2cc1,-1.995
CCc1cccc2ccccc21,-4.164
Cc1cc(ccc1)OC(O)=NC,-1.8030000000000002
Cc1ccc(cc1)S(=O)(=O)NC(=O)NN1CCCCCC1,-3.678
CC(=O)OCC(=O)C1(O)C(C)CC2C3CCC4=CC(=O)C=CC4(C)C3(F)C(O)CC12C,-4.9
CCC(C)(C)CO,-1.129
N#Cc1c(Cl)cccc1Cl,-3.98
NCC1CCC(CC1)C(O)=O,0.026000000000000002
Cc1cc(C)[n]c2ccccc12,-1.944
CP(=O)(OC(C)C)OC(C)C,-0.052000000000000005
CCCCCCCCCCCCCCCCCO,-7.506
CC1CN(CC(C)O1)N=O,-0.065
C1OC1C1CO1,1.065
CC(=O)Oc1ccc(Br)cc1C(O)=O,-2.589
CC1(C)Cc2cccc(OC(=O)NC)c2O1,-2.84
COc1ccc(cc1)NC(N)=O,-1.5919999999999999
COc1cc(c(O)cc1)[N+]([O-])=O,-2.839
Cc1cc(Cl)ccc1O,-1.5519999999999998
CCCN(CCC)c1c(cc(cc1[N+]([O-])=O)C(F)(F)F)[N+]([O-])=O,-6.047999999999999
CN(C)NC(=O)CCC(O)=O,-0.205
COc1[n]c(NC(C)C)[n]c(NC(C)C)[n]1,-2.478
COC(C)(C)C,-0.23800000000000002
CNC(=O)ON=CC(C)(C)S(C)(=O)=O,-1.347
CCCCCCCCCC(C)O,-2.94
Cc1c[n]c2c3[n]cc(C)c(C)c3ccc2c1C,-5.195
CN(C)CCC=C1c2ccccc2COc2ccccc21,-3.947
CCC1CCCCC1,-4.251
Oc1ccc(cc1)N=Nc1ccccc1,-3.343
N#Cc1cc(Br)c(O)c(Br)c1,-3.3280000000000003
NC1C=NN(C(=O)C=1Cl)c1ccccc1,-2.7439999999999998
OC(=O)c1[n]c(Cl)ccc1Cl,-2.283
Cc1cc2c3ccccc3ccc2c2ccccc21,-6.571000000000001
Cc1cccc2c1Cc1ccccc-21,-5.218
CCCCCCCCC(=O)OC,-3.8760000000000003
C1CCc2ccc3CCCc4ccc1c2c34,-5.959
Clc1cc2Oc3cc(Cl)c(Cl)cc3Oc2cc1Cl,-9.207
CN(OC)C(=O)Nc1ccc(Cl)cc1,-2.363
Clc1cccc2c1cccc2Cl,-5.716
Clc1ccc(Cl)c2ccccc12,-5.803
CCN(CC)C(=O)CSc1ccc(Cl)[n][n]1,-1.716
[O-][N+](=O)c1ccc(cc1)Oc1ccc(Cl)cc1Cl,-5.452999999999999
[O-][N+](=O)c1ccc(cc1)Oc1c(Cl)cc(Cl)cc1Cl,-5.62
COC(=O)c1c(Cl)c(Cl)c(c(Cl)c1Cl)C(=O)OC,-5.822
CCCCN(CC)c1c(cc(cc1[N+]([O-])=O)C(F)(F)F)[N+]([O-])=O,-6.525
Nc1[n]c[n]c2c1[n]c[n]2C1(CO)OC(CO)C(O)C1O,-1.57
N#Cc1c(Cl)c(Cl)c(Cl)c(C#N)c1Cl,-5.647
Cc1cc(ccc1)S(N)(=O)=O,-1.341
CCNc1[n]c(Cl)[n]c(NC(C)C)[n]1,-3.887
CC(C)Nc1[n]c([n]c(Cl)[n]1)N(CC)CC,-3.785
CCNc1[n]c([n]c(Cl)[n]1)N(CC)CC,-4.06
COc1c(C(O)=O)c(Cl)ccc1Cl,-1.6909999999999998
Nc1c(Cl)c([n]c(Cl)c1Cl)C(O)=O,-2.7489999999999997
NC(=S)c1c(Cl)cccc1Cl,-2.336
CC(C)N(C(=O)CCl)c1ccccc1,-2.481
Clc1cccc([n]1)C(Cl)(Cl)Cl,-3.761
CC(C#C)OC(=O)Nc1cccc(Cl)c1,-2.617
CN(C)C(=O)Nc1ccc(cc1)Oc1ccc(Cl)cc1,-4.895
CC1CCCCC1NC(=O)Nc1ccccc1,-4.111000000000001
NC(=O)c1c(Cl)cccc1Cl,-1.8430000000000002
NC1=NC(=O)NC=C1F,-0.935
CC(C)c1cc2ccccc2cc1,-5.297999999999999
Cc1cc(ccc1N(C)C)OC(=O)NC,-2.3569999999999998
CNC(=O)Oc1cc(C)c(SC)c(C)c1,-4.353
CCC(C)(C)c1ccccc1,-4.15
CCOC(=O)CCCCCC(=O)OCC,-2.013
CCOC(=O)CCCCCCC(=O)OCC,-2.53
Clc1cc(ccc1)-c1cc(Cl)ccc1,-5.797999999999999
Clc1ccc(cc1)-c1ccc(Cl)cc1,-6.556
Clc1cccc2cccc(Cl)c12,-5.796
Clc1cc2ccccc2cc1Cl,-6.357
Clc1c(-c2c(Cl)c(Cl)c(Cl)c(Cl)c2Cl)c(Cl)c(Cl)c(Cl)c1Cl,-10.827
Clc1ccccc1-c1ccccc1,-4.592
Clc1cc(ccc1)-c1ccccc1,-4.716
Clc1ccc(cc1)-c1ccccc1,-5.149
CCOP(=S)(Oc1ccc(cc1)[N+]([O-])=O)c1ccccc1,-5.0169999999999995
COP(=S)(Oc1cc(Cl)c(Br)cc1Cl)OC,-6.086
Cc1ccc(C)c2cccc(C)c12,-4.909
S=C=Nc1cccc(Br)c1,-4.085
Clc1cc(Cl)c(Cl)c(-c2c(Cl)c(Cl)cc(Cl)c2Cl)c1Cl,-9.466000000000001
CC1CC2C3CCC4=CC(=O)C=CC4(C)C3(F)C(O)CC2(C)C1(OC(=O)CCCC)C(=O)CO,-4.71
CN(C)C(=O)Nc1cc(ccc1)C(F)(F)F,-3.4360000000000004
CCCCCCCCc1ccccc1,-6.46
Clc1cc2cc(Cl)ccc2cc1,-5.922000000000001
CCSC(=O)N1CCCCCC1,-2.286
CCCC1(CCC)C(=O)NC(=O)NC1=O,-2.549
Clc1c2c(c(Cl)c(Cl)c1Cl)c(Cl)c(Cl)c(Cl)c2Cl,-9.703
CCC(N)Cc1c[nH]c2ccccc21,-2.5669999999999997
CCCCCCCCC#N,-3.299
Nc1cccc2c1cccc2N,-2.6189999999999998
CC(C)NC(=O)CSP(=S)(OCC)OCC,-2.057
Cc1cc(ccc1)Oc1ccc(cc1)[N+]([O-])=O,-4.6610000000000005
Cc1ccc(cc1Cl)NC(=O)C(C)CCC,-4.45
CCOP(=S)(OCC)SCN1C(=O)Oc2cc(Cl)ccc12,-5.233
CC(C)(C)c1ccc(cc1)OC1CCCCC1OS(=O)OCC#C,-5.846
CCCCOC(=O)C1(O)c2ccccc2-c2ccccc12,-3.888
CC12CCC3C(CCC4CC5SC5CC43C)C1CCC2O,-5.407
Fc1cc(F)c(F)c(F)c1,-2.306
CCCC(C)(C)CO,-1.52
Cc1cc2cc3ccc4ccccc4c3cc2cc1,-6.816
C#CCCCC#C,-1.7469999999999999
C#CCCCCCC#C,-2.983
Cc1ccc(C)c(O)c1C,-1.936
Cc1cc(ccc1C)OC(=O)NC,-2.1390000000000002
CCCCOCC1CO1,-0.8140000000000001
CC(C)CCCCCCO,-2.487
Clc1cc(Cl)c(cc1)-c1ccc(Cl)cc1Cl,-6.732
COP(=S)(Oc1ccc(cc1Cl)[N+]([O-])=O)OC,-4.306
OC(=O)C1(O)c2cc(Cl)ccc2-c2ccccc12,-4.1610000000000005
CC(=O)Oc1c(cc(c(C)c1[N+]([O-])=O)[N+]([O-])=O)C(C)(C)C,-4.4719999999999995
CCS(=O)(=O)CCSP(=S)(OCC)OCC,-2.54
CCS(=O)CCSP(=S)(OCC)OCC,-1.861
Cc1cccc2ccc3cc4ccccc4cc3c21,-6.644
[O-][N+](=O)c1ccc(Cl)cc1C(O)=O,-1.319
CCCCOP(=O)(Oc1ccccc1)OCCCC,-3.475
Cc1cc2ccc3ccccc3c2cc1,-5.837000000000001
Cc1c2ccccc2cc2c1ccc1ccccc12,-7.343
Cc1cc(O)ccc1[N+]([O-])=O,-2.11
CCS(=O)CSP(=O)(OCC)OCC,-1.5119999999999998
CCOC(=O)C(SP(=S)(OC)OC)c1ccccc1,-3.205
CC(=O)Oc1ccc(cc1)NC(C)=O,-1.9080000000000001
Cc1cc(cc(c1)OC(=O)NC)C(C)C,-3.3569999999999998
CNC(=O)Oc1ccccc1C(C)C,-2.6839999999999997
COP(=S)(Oc1ccc(cc1)C#N)OC,-3.7230000000000003
CCOP(=S)(OCC)SCN1N=Nc2ccccc2C1=O,-4.5169999999999995
Nc1cc2c3ccccc3ccc2c2ccccc21,-6.196000000000001
CNC(=O)Oc1cc(C)cc(C)c1,-2.5810000000000004
COc1cc(Cl)c(cc1Cl)OC,-4.413
CCCCCCCCCCCCN1CCCC1=O,-4.67
COC1=COC(CSP(=O)(OC)OC)=CC1=O,0.528
CC1CNC(C)CN1,0.486
Cc1cc(N=Nc2ccc(cc2)NC(C)=O)c(O)cc1,-5.358
OC(=O)CCCCCCCCCCBr,-3.699
COc1cc(N)c2c(C(=O)c3ccccc3C2=O)c1N,-5.746
CCN(CCO)c1ccc(cc1)N=Nc1ccc(cc1)[N+]([O-])=O,-6.292999999999999
CCOP(=S)(Oc1[n]c(Cl)c(Cl)cc1Cl)OCC,-5.496
Clc1ccc(cc1Cl)-c1ccccc1,-6.39
OC(=O)COc1cccc(Cl)c1Cl,-2.8089999999999997
[O-][N+](=O)c1cc(ccc1O)C=O,-2.949
CN(OC)C(=O)Nc1ccc(Br)cc1,-2.895
C=CCCCC=C,-3.34
CC1CC(C)(C)CCC1,-4.853
Cc1ccc(cc1)N(CCO)CCO,-0.91
CC(C)(C)CCCO,-1.551
Oc1ccccc1C(=O)N1CCOCC1,-1.704
Clc1c2Oc3c(Oc2c(Cl)c(Cl)c1Cl)c(Cl)c(Cl)c(Cl)c3Cl,-12.06
OCC(CBr)(CBr)CO,-0.838
COC(=O)NS(=O)(=O)c1ccc(N)cc1,-1.663
Oc1cc(Cl)ccc1Oc1ccc(Cl)cc1Cl,-4.462
COP(=S)(Oc1ccc(cc1)Sc1ccc(cc1)OP(=S)(OC)OC)OC,-6.237
CCCCCCCC#C,-4.093999999999999
Clc1c2[n]cc[n]c2c(Cl)c(Cl)c1Cl,-5.428
CC(C)CCC(C)(C)C,-5.047
Cc1cc(ccc1SC)OC(=O)NC,-3.9730000000000003
[O-][N+](=O)c1ccc(cc1)Oc1ccc(CN(CCO)C(=O)C(Cl)Cl)cc1,-5.124
Cc1cc2ccccc2c2ccc3ccccc3c21,-6.5920000000000005
Cc1c2c3ccccc3ccc2c2ccccc2c1C,-7.011
CC=CC(O)=O,0.0
CC(C)(C#N)NC(=O)CSP(=O)(OCC)OCC,-0.624
CN(C(C)C#C)C(=O)Nc1ccc(Cl)cc1,-3.897
CCC(C)c1ccccc1OC(=O)NC,-2.497
Cc1cc(ccc1N=Nc1ccc(cc1Cl)[N+]([O-])=O)N(CCO)CCO,-6.57
Cc1[n]c(cc(NS(=O)(=O)c2ccc(N)cc2)[n]1)OC,-2.543
COP1(=S)OCc2ccccc2O1,-3.571
CCC(O)C(C)(C)C,-1.151
OC(=O)COc1c(Cl)c(Cl)ccc1Cl,-2.62
COc1cc(O)c(cc1S(O)(=O)=O)C(=O)c1ccccc1,-0.091
CCSc1[n]c(NC(C)C)[n]c(NC(C)C)[n]1,-4.203
CCCCCCCI,-4.81
CC1CC(C)(C)CC1,-4.478
CCCCN(CC)N=O,-1.035
CC1(C)C2CC(C)(CC2)C1=O,-1.85
CS(=O)(=O)c1cc(c(c(c1)[N+]([O-])=O)N(CCC)CCC)[N+]([O-])=O,-5.76
[O-][N+](=O)c1c(Cl)cccc1C(O)=O,-2.6319999999999997
OCc1cccc2ccccc21,-1.744
CC=CC#N,-0.429
CCCC(O)C=C,-0.599
CCOP(=S)(Oc1cc(Cl)c(Br)cc1Cl)OCC,-5.952000000000001
Cc1cccc(O)c1[N+]([O-])=O,-1.641
CC(=O)Nc1ccc(cc1)OC(=O)c1ccccc1OC(C)=O,-4.195
CC(C(O)=O)c1cc(F)c(cc1)-c1ccccc1,-4.485
[O-][N+](=O)c1cc(ccc1Nc1ccccc1)S(=O)(=O)Nc1ccccc1,-6.269
CCOP(=S)(OCC)N1C(=O)c2ccccc2C1=O,-3.352
C=CCCBr,-2.247
Cc1[n]c([n]c(O)c1CCCC)N(C)C,-2.242
CC1OCCSC=1C(=O)Nc1ccccc1,-3.141
CC1OCCS(=O)(=O)C=1C(=O)Nc1ccccc1,-2.427
CC(C)=CCCC(C)=CC=O,-2.055
CCCCC(C)(O)CC,-1.6
COP(=S)(Oc1[n]c(Cl)c(Cl)cc1Cl)OC,-4.831
CCOC1CC1,-0.6409999999999999
CCS(=O)CSP(=S)(OC(C)C)OC(C)C,-2.307
CC(C)OC(=O)C(O)(c1ccc(Cl)cc1)c1ccc(Cl)cc1,-4.53
OC1=C(C2CCCc3ccccc32)C(=O)Oc2ccccc21,-4.864
CC1NC(=O)N(C(=O)C=1Cl)C(C)(C)C,-2.485
CCNc1[n]c(Cl)[n]c(NC(C)(C)C)[n]1,-4.402
CCCC(C)O,-0.29600000000000004
Cc1cc(Cl)ccc1N=CN(C)C,-2.862
CC(C)Nc1[n]c(N)[n]c(Cl)[n]1,-2.7060000000000004
CC(Cl)=CC(O)=O,-0.605
[O-][N+](=O)c1ccc(CN=O)o1,-2.193
CNCC(O)C(O)C(O)C(O)CO,0.7090000000000001
CCNc1[n]c(NCC(=O)OCC)[n]c(Cl)[n]1,-2.937
N#CCCN(CCO)c1ccc(cc1)N=Nc1ccc(cc1Cl)[N+]([O-])=O,-6.13
CCC(C)OC,-0.73
OC(=O)C(O)CC(O)=O,0.873
CC(=CC(=O)NC)OP(=O)(OC)OC,0.6509999999999999
CNC(=O)Oc1ccccc1C1OCCO1,-1.571
Clc1ccc(cc1)Oc1ccccc1,-4.793
Clc1cc(Cl)ccc1-c1ccc(Cl)cc1,-5.979
CCCCN(C)N=O,-0.7
Cc1cc(O)c(cc1Cl)[N+]([O-])=O,-4.39
COC(=O)c1cc(Cl)cc(N)c1Cl,-3.263
CSc1[n]c(NC(C)C)[n]c(NC(C)C)[n]1,-3.864
CCCC(C)(C)C(=O)Nc1ccc(Cl)cc1,-4.022
CSc1ccc(cc1)OP(=O)(OCCC)OCCC,-3.386
CC(Cl)C(C)Cl,-2.354
CC(C)=CC1C(C(=O)OCN2C(=O)C3CCCCC=3C2=O)C1(C)C,-4.8580000000000005
CC(=CC(=O)OC(C)c1ccccc1)OP(=O)(OC)OC,-2.497
O=C1C(c2ccc3ccccc3[n]2)C(=O)c2ccccc12,-6.209
CC1=CC(=O)NO1,-0.067
COP(N)(=O)SC,0.85
CCOP(=S)(OCC)SC(CCl)N1C(=O)c2ccccc2C1=O,-6.34
Nc1cc(ccc1Br)[N+]([O-])=O,-3.5580000000000003
CC(C)(C)S(=O)CSP(=S)(OCC)OCC,-2.4419999999999997
CCN(C)N=O,0.532
COC(=O)Nc1[nH]c2ccccc2[n]1,-3.8339999999999996
COc1ccc(cc1)C(O)(C1CC1)c1c[n]c[n]c1,-2.596
Clc1ccccc1-c1ccccc1Cl,-5.081
CCOP(=S)(Oc1ccc(cc1)C#N)c1ccccc1,-5.704
CC(C)(C)SCSP(=S)(OCC)OCC,-4.755
CCOP(=O)(SCCC)SCCC,-2.509
CON(C)C(=O)Nc1ccc(Br)c(Cl)c1,-3.924
CC1(C)Cc2cccc(c2O1)[N+]([O-])=O,-3.207
CC1COCC1,0.09
CCOP(=S)(Oc1c[n]c2ccccc2[n]1)OCC,-4.132
O=P(OC(CCl)CCl)(OC(CCl)CCl)OC(CCl)CCl,-4.789
CCOC(=O)Nc1cccc(c1)OC(=O)Nc1ccccc1,-4.632
Cc1cc(ccc1)NC(=O)Oc1cc(ccc1)NC(=O)OC,-4.779
CC12CCC3C(C=C(Cl)C4=CC(=O)C=CC43C)C1CCC2(OC(C)=O)C(C)=O,-4.945
FC(F)OC(F)(F)C(F)Cl,-1.516
CCC(C)N,0.185
CN1c2ccccc2Sc2ccc(CC(O)=O)cc12,-3.9419999999999997
CC(C)C1CCC(C)CC1=O,-2.492
C1COc2ccccc2OCCOCCOc2ccccc2OCCO1,-4.6930000000000005
CCCC(CO)(CC)CC,-2.419
COc1ccc(cc1)Oc1ccc(cc1)NC(=O)N(C)C,-4.156000000000001
CS(=O)(=O)c1ccc(cc1)OP(=S)(OCC)OCC,-2.638
Cc1cccc(C)c1NC(=O)c1cc(c(Cl)cc1O)S(N)(=O)=O,-3.787
CN1CCC23C4C=CC(O)C2Oc2c3c(CC14)ccc2OCc1ccccc1,-2.9730000000000003
CCCCCCCOC(=O)c1ccc(N)cc1,-4.6
CCCCCCCCOC(=O)c1ccc(N)cc1,-5.4
COC(=O)C(Cl)Cc1ccc(Cl)cc1,-3.765
Cc1ccccc1Oc1ccc[n][n]1,-1.969
CCOP(=S)(ON=C(C#N)c1ccccc1)OCC,-4.63
OCc1c(Cl)cccc1Cl,-2.102
CC(Oc1cccc2ccccc21)C(=O)N(CC)CC,-3.57
O=C(Nc1ccccc1)c1ccccc1I,-4.208
[O-][N+](=O)c1ccc(cc1)Oc1ccc(cc1[N+]([O-])=O)C(F)(F)F,-5.215
Cc1ccc(cc1Cl)NC(=O)N(C)C,-3.483
Clc1cc(-c2ccccc2)c(Cl)cc1Cl,-6.199
CC(C)(CCC)CCCC,-4.811
OCC(O)C1OC2OC(OC2C1O)C(Cl)(Cl)Cl,-1.8430000000000002
Clc1cccc(Cl)c1-c1c(Cl)cccc1Cl,-7.39
COCN(C(=O)CCl)c1c(CC)cccc1CC,-3.051
OC(=O)C(Cl)CC(O)=O,0.077
CCNC(=O)C(C)OC(=O)Nc1ccccc1,-1.829
Clc1cccc(-c2ccccc2)c1Cl,-5.35
Clc1ccc(Cl)cc1-c1ccc(Cl)cc1,-6.256
CC(=NOC(=O)NC)SC,-0.447
CCOP(=O)(Sc1ccccc1)Sc1ccccc1,-3.3310000000000004
CC(C)OC(C)(C)C,-2.366
Cc1ccccc1N1C(C)Nc2cc(Cl)c(cc2C1=O)S(N)(=O)=O,-3.783
[O-][N+](=O)c1ccc(Cl)c(Cl)c1Cl,-3.94
CCCCNC(=O)[n]1c(NC(=O)OC)[n]c2ccccc12,-4.883
COP(=S)(Oc1cc(Cl)c(I)cc1Cl)OC,-6.6160000000000005
CC(C)OC(=O)C(O)(c1ccc(Br)cc1)c1ccc(Br)cc1,-4.933
CC(C)(C)NCC(O)c1ccc(O)c(CO)c1,-1.224
CNC(=O)N(C)c1[n]c2ccccc2[s]1,-3.574
[O-][N+](=O)c1c(Cl)cc(Cl)cc1Cl,-4.559
CCCN(CCC)c1c(cc(cc1[N+]([O-])=O)S(N)(=O)=O)[N+]([O-])=O,-3.61
CC(CC)C(O)C(C)CC,-2.51
CC(C)Oc1cc(c(Cl)cc1Cl)N1N=C(OC1=O)C(C)(C)C,-5.693
COc1ccc(cc1Cl)NC(=O)N(C)C,-2.5810000000000004
Clc1c2ccccc2c(Cl)c(Cl)c1Cl,-7.795
C=C(CC(Cl)(Cl)Cl)c1ccccc1,-4.282
CSC1=NN=C(C(=O)N1N)C(C)(C)C,-2.245
COP(=S)(Oc1cc(Cl)c(Br)cc1Cl)c1ccccc1,-7.138
CCNc1[n]c(Cl)[n]c(NC(C)(C)C#N)[n]1,-3.1510000000000002
CC(C(O)=O)c1cc(ccc1)C(=O)c1ccccc1,-3.698
COc1cc2ccc(cc2cc1)C(C)C(O)=O,-4.1610000000000005
CCOC(=O)C(C)N(c1cc(Cl)c(Cl)cc1)C(=O)c1ccccc1,-4.263
Cc1cc(ccc1SC)OP(=O)(NC(C)C)OCC,-2.965
CNC(=O)Oc1cc(ccc1)N=CN(C)C,-1.546
CNC(=O)Oc1cccc2OC(C)(C)Oc21,-3.747
CC(=O)OC1C(O)CNC1Cc1ccc(cc1)OC,-1.608
CC(C)C(C)Nc1[n]c(NCC)[n]c([n]1)SC,-3.708
[O-][N+](=O)c1[n]cc[n]1CC(=O)NCc1ccccc1,-2.813
Cc1[n]c([n]c(OC(=O)N(C)C)c1C)N(C)C,-1.946
CNC(=O)ON=C(SC)C(=O)N(C)C,0.106
CCCCOCN(C(=O)CCl)c1c(CC)cccc1CC,-4.1930000000000005
Cc1cc([n]c([n]1)N(CC)CC)OP(=S)(OCC)OCC,-4.9239999999999995
COP(=O)(OC1C2CC=CC2C=1Cl)OC,-2.001
Oc1[n]cc(C(O)=O)c(O)[n]1,-1.9380000000000002
Cc1[n]c(NCC)[n]c(O)c1CCCC,-3.02
CC(C)(C#C)NC(=O)c1cc(Cl)cc(Cl)c1,-4.232
CCOP(=S)(Oc1[n][n](c[n]1)-c1ccccc1)OCC,-4.102
CC1CCCCN1C(=O)CSP(=S)(OCCC)OCCC,-4.15
CC1OCCCC=1C(=O)Nc1ccccc1,-2.559
Cc1occc1C(=O)Nc1ccccc1,-3.304
CC(C)N1C(=O)c2ccccc2NS1(=O)=O,-2.682
CCOP(=S)(NC(C)C)Oc1ccccc1C(=O)OC(C)C,-4.194
CNC(=O)N(C)c1[n][n]c([s]1)C(F)(F)F,-2.0580000000000003
Clc1cc(ccc1)-c1ccccc1Cl,-5.585
CC(C)OP(=O)(OC(C)C)SCc1ccccc1,-2.858
CCOC1Oc2ccc(cc2C1(C)C)OS(C)(=O)=O,-3.4160000000000004
COc1[n]c(NCC)[n]c(NC(C)CC)[n]1,-2.575
CCCN(CC1CC1)c1c(cc(cc1[N+]([O-])=O)C(F)(F)F)[N+]([O-])=O,-6.541
FC(F)OC(Cl)C(F)(F)F,-1.6159999999999999
O=C1OCc2c1c(Cl)c(Cl)c(Cl)c2Cl,-5.037
O=C1C(NC(=O)C(Cl)Cl)=C(Cl)C(=O)c2ccccc12,-5.026
CCN(CC)C(=O)SCc1ccc(Cl)cc1,-3.964
CCN(CC)c1c(cc(c(N)c1[N+]([O-])=O)C(F)(F)F)[N+]([O-])=O,-5.4670000000000005
CCCN(CCC)c1c(cc(c(N)c1[N+]([O-])=O)C(F)(F)F)[N+]([O-])=O,-7.43
Cc1cc([n]c([n]1)N(CC)CC)OP(=S)(OC)OC,-4.133
CCSCc1ccccc1OC(=O)NC,-2.093
CCS(=O)(=O)c1[n][n]c([s]1)N(C)C(=O)NC,-1.945
OCCOCCOC(=O)c1ccccc1Nc1cc(ccc1)C(F)(F)F,-5.3629999999999995
COP(=O)(NC(C)=O)SC,0.65
Clc1c2Oc3ccccc3Oc2c(Cl)c(Cl)c1Cl,-8.708
Clc1ccc(cc1Cl)-c1cc(Cl)c(Cl)cc1Cl,-7.3870000000000005
Clc1cc(Cl)c(cc1)-c1cc(Cl)c(Cl)cc1,-6.9
Clc1cc(-c2cc(Cl)c(Cl)cc2)c(Cl)cc1,-6.853
Clc1ccc(cc1Cl)-c1cc(Cl)c(Cl)cc1,-8.71
Clc1ccc(cc1)-c1cc(Cl)c(Cl)cc1Cl,-7.77
Clc1cc(cc(Cl)c1Cl)-c1cc(Cl)c(Cl)c(Cl)c1,-8.85
CC12CC1(C)C(=O)N(c1cc(Cl)cc(Cl)c1)C2=O,-4.8
COc1cc(ccc1[N+]([O-])=O)Oc1ccc(Cl)cc1Cl,-6.02
Clc1ccc(cc1)-c1ccc(Cl)c(Cl)c1Cl,-6.875
CC(=O)Nc1ccccc1CC,-1.591
Clc1cccc(Cl)c1-c1ccccc1,-4.966
CCCN(CCCl)c1c(cc(cc1[N+]([O-])=O)C(F)(F)F)[N+]([O-])=O,-4.551
Clc1cc(Cl)c(cc1)-c1ccccc1,-5.287999999999999
Clc1cc(-c2ccccc2)c(Cl)c(Cl)c1Cl,-7.319
CCC(C)Nc1c(cc(cc1[N+]([O-])=O)C(C)(C)C)[N+]([O-])=O,-5.47
CCNc1[n]c(NC(C)(C)C)[n]c([n]1)OC,-3.239
CC(C)c1cc(c(c(c1)[N+]([O-])=O)N(CCC)CCC)[N+]([O-])=O,-6.49
Clc1cc(Cl)c(-c2c(Cl)cc(Cl)cc2Cl)c(Cl)c1,-8.947000000000001
CNC(=O)N(C)c1[n][n]c([s]1)C(C)(C)C,-1.9969999999999999
CN(C)C(=O)Nc1ccc(cc1)C(C)C,-3.536
C=CC(=O)Oc1c(Br)cc(Cl)c2ccc[n]c21,-4.717
Clc1cc(-c2ccccc2)c(Cl)cc1,-5.2989999999999995
Clc1ccc(cc1)-c1ccccc1Cl,-5.28
Clc1cc(Cl)c(Cl)cc1-c1cc(Cl)c(Cl)cc1Cl,-8.58
Clc1ccc(-c2cc(Cl)c(Cl)cc2Cl)c(Cl)c1Cl,-8.381
O=C(Nc1ccc(Cl)cc1)NC(=O)c1c(F)cccc1F,-6.015
Clc1cc(Cl)c(-c2ccccc2)c(Cl)c1,-6.0089999999999995
Clc1cc(-c2cc(Cl)ccc2Cl)c(Cl)cc1,-7.281000000000001
Clc1cc(Cl)c(cc1)-c1cc(Cl)c(Cl)c(Cl)c1Cl,-8.52
Clc1cc2Oc3c(Oc2c(Cl)c1Cl)c(Cl)c(Cl)c(Cl)c3Cl,-11.248
OC(=O)CCC(=O)c1ccc(cc1)-c1ccccc1,-5.061
Cc1ccc(c(c1)OP(=S)(NC(C)CC)OCC)[N+]([O-])=O,-4.814
CCOP(=O)(Oc1ccc(Cl)cc1Cl)Oc1ccc(Cl)cc1Cl,-5.774
CCC#CC(C)C,-2.745
CC(C)SCCSP(=S)(OC)OC,-3.429
CCCCCCCCCCCCCCCCO,-7.257999999999999
CC(CC)N(C(C)CC)C(=O)SCc1ccccc1,-5.048
CCCCCCCCCOC(=O)c1ccc(N)cc1,-6.001
Clc1cc(-c2ccccc2Cl)c(Cl)cc1,-5.809
Clc1cc(Cl)c(cc1)-c1ccccc1Cl,-6.49
Clc1cc(-c2cc(Cl)c(Cl)cc2Cl)c(Cl)cc1,-7.3260000000000005
C=CCN(CC=C)C(=O)C(Cl)Cl,-1.619
CC1C(=Cc2ccc(cc2)S(C)=O)c2ccc(F)cc2C=1CC(O)=O,-4.552
Nc1[n]c(cc(N)[n+]1[O-])N1CCCCC1,-1.982
Clc1cc(-c2c(Cl)c(Cl)ccc2Cl)c(Cl)cc1,-7.19
Clc1cc(Cl)c(cc1)-c1cc(Cl)c(Cl)cc1Cl,-7.95
Clc1cc(-c2ccc(Cl)c(Cl)c2Cl)c(Cl)cc1,-7.045
Clc1c(-c2cc(Cl)c(Cl)cc2)c(Cl)ccc1Cl,-7.65
Clc1ccc(Cl)c(-c2cc(Cl)c(Cl)cc2Cl)c1Cl,-7.93
Clc1ccc(-c2ccc(Cl)c(Cl)c2Cl)c(Cl)c1Cl,-9.013
Clc1ccc(Cl)c(Cl)c1-c1c(Cl)c(Cl)ccc1Cl,-7.903
Clc1ccccc1-c1c(Cl)cccc1Cl,-5.9
Clc1ccc(cc1)-c1c(Cl)cccc1Cl,-6.209
Clc1ccccc1-c1cccc(Cl)c1Cl,-5.944
Clc1cc(-c2cc(Cl)ccc2)c(Cl)cc1,-6.007999999999999
Clc1ccc(cc1)-c1cccc(Cl)c1Cl,-6.2589999999999995
Clc1cc(ccc1Cl)-c1ccccc1Cl,-6.287000000000001
Clc1cccc(-c2cccc(Cl)c2Cl)c1Cl,-7.272
CCOC(=O)CN(c1c(CC)cccc1CC)C(=O)CCl,-3.4730000000000003
CC1CSC2C(NC(=O)C(N)C3CC=CCC=3)C(=O)N2C=1C(O)=O,-1.215
Clc1cc2Oc3c(Oc2cc1Cl)c(Cl)c(Cl)c(Cl)c3Cl,-10.949000000000002
Clc1cc2Oc3ccccc3Oc2cc1,-5.836
Clc1cc(Cl)c(Cl)c2Oc3ccccc3Oc12,-7.534
Clc1cc2Oc3c(Oc2cc1)c(Cl)c(Cl)c(Cl)c3Cl,-9.472999999999999
CC1(C)C(C(=O)OC(C#N)c2cc(ccc2)Oc2ccccc2)C1(C)C,-6.025
CCOP(=O)(OCC)SCN1N=Nc2ccccc2C1=O,-1.993
Cc1c(c(NC(CC)CC)c(cc1C)[N+]([O-])=O)[N+]([O-])=O,-5.972
CC(C=CCC(C)CCCC(C)(C)OC)=CC(=O)OC(C)C,-5.346
CC(C=CCC(C)CCCC(C)C)=CC(=O)OCC,-5.693
CCCSP(=O)(Oc1ccc(Br)cc1Cl)OCC,-4.125
Cc1cc(ccc1)C(=O)c1cc(C)c(cc1)OC,-5.08
Clc1cc(-c2cccc(Cl)c2Cl)c(Cl)cc1,-6.465
Clc1cc(Cl)ccc1-c1cc(Cl)ccc1Cl,-6.5729999999999995
Clc1cc(Cl)c(Cl)cc1-c1cccc(Cl)c1Cl,-7.06
Cc1cccc2[s]c3[n][n]c[n]3c21,-2.073
CC(C)[n]1[n]c([n]c1Cl)OP(=S)(OCC)OCC,-3.32
COC(=O)c1cc(ccc1[N+]([O-])=O)Oc1ccc(Cl)cc1Cl,-5.934
CCOc1cc(ccc1[N+]([O-])=O)Oc1ccc(cc1Cl)C(F)(F)F,-6.558
CC(C)(C)C(=O)C(Oc1ccc(Cl)cc1)[n]1c[n]c[n]1,-3.614
CC(C)OC(=O)C(=C1SCCS1)C(=O)OC(C)C,-3.782
COCCN(C(=O)CCl)c1c(C)cccc1C,-2.086
Clc1cc2c(cc1Cl)oc1cc(Cl)c(Cl)cc21,-8.646
Cc1cccc(CC)c1N(C(C)COC)C(=O)CCl,-2.7289999999999996
CCCOCCN(C(=O)CCl)c1c(CC)cccc1CC,-3.795
COC(=O)C(C)Oc1ccc(cc1)Oc1ccc(Cl)cc1Cl,-3.8339999999999996
Cc1[nH]c[n]c1CSCCNC(NC)=NC#N,-1.345
COC(CCl)Oc1ccccc1OC(=O)NC,-2.301
CC(C)C(C(=O)OC(C#N)c1cc(ccc1)Oc1ccccc1)c1ccc(Cl)cc1,-7.242999999999999
CCc1cc2cc3ccccc3cc2cc1,-6.886
CC1(C)C(C1C=C(Cl)Cl)C(=O)OC(C#N)c1cccc(c1)Oc1ccccc1,-8.017000000000001
CC1(C)C(C1C=C(Cl)Cl)C(=O)OCc1cccc(c1)Oc1ccccc1,-6.99
Clc1ccccc1-c1ccc(Cl)c(Cl)c1Cl,-6.83
Clc1c(-c2cccc(Cl)c2Cl)c(Cl)ccc1Cl,-6.78
Clc1cc(-c2c(Cl)c(Cl)ccc2Cl)c(Cl)c(Cl)c1,-7.822
CC(C)OC(=O)C(C)N(c1cc(Cl)c(F)cc1)C(=O)c1ccccc1,-4.4335
COC(=O)C(C)N(c1cc(Cl)c(F)cc1)C(=O)c1ccccc1,-3.9819999999999998
CC1(C)C(C1C=C(Br)Br)C(=O)OC(C#N)c1cccc(c1)Oc1ccccc1,-8.402000000000001
Clc1cccc2c1cc(Cl)c(Cl)c2Cl,-7.857
Clc1cc(Cl)c2cc(Cl)cc(Cl)c2c1,-7.8229999999999995
CC(=O)Nc1cc(NS(=O)(=O)C(F)(F)F)c(C)cc1C,-3.237
COCCOc1c(cc(Cc2c[n]c(N)[n]c2N)cc1OC)OC,-2.101
CC(C)(C)C(O)C(Oc1ccc(cc1)-c1ccccc1)[n]1c[n]c[n]1,-4.829
Clc1c(cccc1Cl)-c1cc(Cl)c(Cl)c(Cl)c1Cl,-8.421
CC(C)(C)C(O)C(Oc1ccc(Cl)cc1)[n]1c[n]c[n]1,-3.392
O=C(C1CCCCC1)N1CC2c3ccccc3CCN2C(=O)C1,-2.8930000000000002
CC(=C)CN(CC)c1c(cc(cc1[N+]([O-])=O)C(F)(F)F)[N+]([O-])=O,-6.222
OC(=O)COc1[n]c(Cl)c(Cl)cc1Cl,-2.766
Clc1c(-c2ccccc2)c(Cl)ccc1Cl,-6.49
Clc1cc2ccc(Cl)cc2c(Cl)c1,-6.556
Clc1ccc(Cl)c2cc(Cl)c(Cl)cc12,-7.516
CCC(=O)N(c1ccccc1)C1(COC)CCN(CCc2ccc[s]2)CC1,-3.7060000000000004
CC(C)(C)S(=O)(=O)CSP(=S)(OCC)OCC,-2.895
CNC(=O)N1C=C(F)C(=O)NC1=O,-2.48
Cc1cc(Cl)c(OP(=S)(OC)OC)c(Cl)c1,-5.877000000000001
COc1c(O)cc(Cl)c(Cl)c1Cl,-4.398
COC(=O)C(C)N(c1c(C)cccc1C)C(=O)c1ccco1,-3.117
COCC(=O)N(C(C)C(=O)OC)c1c(C)cccc1C,-1.601
CN(SN(C)C(=O)ON=C(C)SC)C(=O)ON=C(C)SC,-4.269
CN1C=C(C(=O)C(=C1)c1ccccc1)c1cc(ccc1)C(F)(F)F,-4.438
OC(c1ccccc1Cl)(c1ccc(Cl)cc1)c1c[n]c[n]c1,-4.383
CCCC1COC(C[n]2c[n]c[n]2)(O1)c1ccc(Cl)cc1Cl,-3.4930000000000003
CCC1COC(C[n]2c[n]c[n]2)(O1)c1ccc(Cl)cc1Cl,-3.613
CCN(Cc1c(F)cccc1Cl)c1c(cc(cc1[N+]([O-])=O)C(F)(F)F)[N+]([O-])=O,-6.625
OC(c1ccccc1Cl)(c1ccc(F)cc1)c1c[n]c[n]c1,-4.083
CCCCNC(=O)N1C=C(F)C(=O)NC1=O,-2.4459999999999997
CC(C)N(C(=O)CSP(=S)(OC)OC)c1ccc(Cl)cc1,-4.4319999999999995
CCCCCCCCCc1ccc(cc1)OP(=O)(Oc1ccccc1)Oc1ccccc1,-5.769
NC(=O)COC(=O)c1ccccc1,-1.641
CCNC(=O)COC(=O)c1ccccc1,-2.237
CCN(CC)C(=O)COC(=O)c1ccccc1,-2.0709999999999997
Clc1cc(Cl)c(cc1)-c1ccc(Cl)c(Cl)c1Cl,-7.62
CCCCOC(=O)N(C)SN(C)C(=O)Oc1cccc2CC(C)(C)Oc12,-4.583
Nc1[n]c(NC2CC2)[n]c(N)[n]1,-1.179
CC(C)Oc1cc(ccc1)NC(=O)c1ccccc1C(F)(F)F,-4.532
CCOC(=O)C(C)Oc1ccc(cc1)Oc1[n]c2ccc(Cl)cc2o1,-5.569
Clc1cc2Oc3cc(Cl)c(Cl)c(Cl)c3Oc2cc1,-8.874
Cc1cccc(C)c1N(C[n]1ccc[n]1)C(=O)CCl,-4.213
CC(Cc1ccc(cc1)C(C)(C)C)CN1CC(C)OC(C)C1,-3.637
CCCN(CCOc1c(Cl)cc(Cl)cc1Cl)C(=O)[n]1cc[n]c1,-4.044
CCOC(=O)CNc1[n]c(Cl)[n]c(NC(C)C)[n]1,-2.562
CC(=O)Nc1cc(c(cc1N=Nc1c(Br)cc(cc1[N+]([O-])=O)[N+]([O-])=O)OC)N(CC=C)CCC#N,-8.9
CC(C)C(Nc1ccc(cc1Cl)C(F)(F)F)C(=O)OC(C#N)c1cccc(c1)Oc1ccccc1,-8.4
CCCCOC(=O)C(C)Oc1ccc(cc1)Oc1ccc(c[n]1)C(F)(F)F,-5.584
CC(C)C(C(=O)OC(C#N)c1cccc(c1)Oc1ccccc1)c1ccc(cc1)OC(F)F,-6.876
CC1C(N=Nc2ccc(Cl)cc2[N+]([O-])=O)=C(O)N(CC)C(=O)C=1C#N,-6.69
COC(=O)C(C)N(c1c(C)cccc1C)C(=O)Cc1ccccc1,-3.944
CCOC(=O)NCCOc1ccc(cc1)Oc1ccccc1,-4.7010000000000005
Nc1c(Cl)c(ccc1[N+]([O-])=O)Oc1ccccc1,-5.025
COC(=O)c1ccccc1S(=O)(=O)NC(=O)Nc1[n]c(C)cc(C)[n]1,-3.0839999999999996
Cc1[n]c(NC(=O)NS(=O)(=O)c2ccccc2C(=O)OC)[n]c([n]1)OC,-1.604
Clc1cc(cc(Cl)c1)-c1c(Cl)c(Cl)cc(Cl)c1Cl,-8.27
CC(C)(C)C(O)C(Cc1ccc(Cl)cc1Cl)[n]1c[n]c[n]1,-4.562
CC(=O)Oc1ccccc1C(=O)OCSC,-2.64
CC(=O)Oc1ccccc1C(=O)OCS(C)(=O)=O,-3.3939999999999997
CCOC(=O)C(C)Oc1ccc(cc1)Oc1c[n]c2cc(Cl)ccc2[n]1,-6.093999999999999
OC(C[n]1c[n]c[n]1)(c1ccccc1F)c1ccc(F)cc1,-3.365
CC(C)(C)C(O)C(Cc1ccc(Cl)cc1)[n]1c[n]c[n]1,-3.924
COC(=O)c1ccccc1CS(=O)(=O)NC(=O)Nc1[n]c(cc([n]1)OC)OC,-3.534
O=C(Nc1cc(Cl)c(F)c(Cl)c1F)NC(=O)c1c(F)cccc1F,-7.28
CC12CCC(CC1OCc1ccccc1C)(O2)C(C)C,-3.639
Cc1cc(C)c(C2CC(O)=C(C(=O)C2)C(CC)=NOCC)c(C)c1,-4.74
CCCCCCCCCCCCN1CC(CC1=O)C(=O)OC,-4.376
NS(=O)(=O)c1cc2c(SCCC2=O)[s]1,-3.552
NS(=O)(=O)c1cc2c([s]1)S(=O)(=O)CCC2=O,-3.0180000000000002
CNC(=O)COC(=O)c1ccccc1,-1.7180000000000002
CCCNC(=O)COC(=O)c1ccccc1,-2.539
CN(C)C(=O)COC(=O)c1ccccc1,-1.3719999999999999
NS(=O)(=O)c1ccc(cc1)SCCO,-1.824
NS(=O)(=O)c1ccc(cc1)S(=O)(=O)CCO,-1.604
NS(=O)(=O)c1ccc(cc1)SCCCO,-2.247
CC(C)(O)CCSc1ccc(cc1)S(N)(=O)=O,-2.838
NS(=O)(=O)c1ccc(cc1)SCCCCCO,-2.662
NS(=O)(=O)c1ccc(cc1)S(=O)(=O)CCCO,-1.589
CC(C)(O)CCS(=O)(=O)c1ccc(cc1)S(N)(=O)=O,-1.944
NS(=O)(=O)c1cc(c(cc1)SCCO)[N+]([O-])=O,-2.7460000000000004
NS(=O)(=O)c1cc(c(cc1)SCCCO)[N+]([O-])=O,-3.466
NS(=O)(=O)c1cc(F)c(cc1)SCCO,-1.6219999999999999
NS(=O)(=O)c1cc(F)c(cc1)SCCCO,-2.47
NS(=O)(=O)c1cc(F)c(cc1)SCCCCO,-2.4459999999999997
NS(=O)(=O)c1cc(F)c(cc1)S(=O)(=O)CCO,-1.9340000000000002
NS(=O)(=O)c1cc(F)c(cc1)S(=O)(=O)CCCO,-1.6540000000000001
CCCCCCN1CC(CC1=O)C(O)=O,-1.456
COc1ccc(cc1)C(=O)c1cc([s]c1)S(N)(=O)=O,-4.473
